Week_Start,SKU,Forecast_Units
2026-01-05,SKU001,79.37113077200578
2026-01-12,SKU001,79.65172384559884
2026-01-19,SKU001,76.39683549783553
2026-01-26,SKU001,81.05527164502163
2026-02-02,SKU001,90.72835855810848
2026-02-09,SKU001,93.1845764790765
2026-01-05,SKU002,56.66896320346323
2026-01-12,SKU002,60.01881222943725
2026-01-19,SKU002,58.23463612776112
2026-01-26,SKU002,62.63153789266291
2026-02-02,SKU002,70.35790728715727
2026-02-09,SKU002,72.4254466089466
2026-01-05,SKU003,31.88505508380508
2026-01-12,SKU003,32.44745220057722
2026-01-19,SKU003,31.806497821622823
2026-01-26,SKU003,33.62823412698413
2026-02-02,SKU003,36.901337481962486
2026-02-09,SKU003,37.27302687590188
2026-01-05,SKU004,30.642876443001427
2026-01-12,SKU004,29.339733946608963
2026-01-19,SKU004,31.992785714285702
2026-01-26,SKU004,31.718502691752683
2026-02-02,SKU004,34.93808008658008
2026-02-09,SKU004,32.93698809523809
2026-01-05,SKU005,88.39253896103894
2026-01-12,SKU005,99.22130359917855
2026-01-19,SKU005,96.02095455932951
2026-01-26,SKU005,97.47160679598181
2026-02-02,SKU005,106.33907034632036
2026-02-09,SKU005,112.4683335137085
2026-01-05,SKU006,36.64681283993786
2026-01-12,SKU006,36.957990689865696
2026-01-19,SKU006,38.3081916971917
2026-01-26,SKU006,38.59742816905318
2026-02-02,SKU006,38.06250523088022
2026-02-09,SKU006,39.3669733044733
2026-01-05,SKU007,142.53520129870134
2026-01-12,SKU007,137.35703823953827
2026-01-19,SKU007,135.04251984126986
2026-01-26,SKU007,136.85503535353533
2026-02-02,SKU007,156.38245172882677
2026-02-09,SKU007,158.3502269119769
2026-01-05,SKU008,89.73736994949493
2026-01-12,SKU008,96.30915351315356
2026-01-19,SKU008,92.51393161005664
2026-01-26,SKU008,98.08034766622266
2026-02-02,SKU008,106.1566353646353
2026-02-09,SKU008,109.22484848484852
2026-01-05,SKU009,61.75453572816071
2026-01-12,SKU009,70.7517408008658
2026-01-19,SKU009,69.8266415945166
2026-01-26,SKU009,64.9847236790987
2026-02-02,SKU009,77.14961273448775
2026-02-09,SKU009,73.53351835664336
2026-01-05,SKU010,92.55681042568544
2026-01-12,SKU010,98.10686327561324
2026-01-19,SKU010,96.2498389249639
2026-01-26,SKU010,92.69243831168836
2026-02-02,SKU010,108.03426803751812
2026-02-09,SKU010,108.98439700577197
2026-01-05,SKU011,19.5254255050505
2026-01-12,SKU011,19.86437842712843
2026-01-19,SKU011,20.749202380952383
2026-01-26,SKU011,20.72521410533911
2026-02-02,SKU011,19.621398809523818
2026-02-09,SKU011,18.527742063492063
2026-01-05,SKU012,147.9254261155512
2026-01-12,SKU012,146.5159487179487
2026-01-19,SKU012,137.1489242979243
2026-01-26,SKU012,141.4469054834055
2026-02-02,SKU012,158.43075319125316
2026-02-09,SKU012,158.0671186313686
2026-01-05,SKU013,77.66867911255414
2026-01-12,SKU013,74.16707665945165
2026-01-19,SKU013,72.3680844155844
2026-01-26,SKU013,74.0692640692641
2026-02-02,SKU013,83.13816504329004
2026-02-09,SKU013,88.3801946248196
2026-01-05,SKU014,115.56295454545457
2026-01-12,SKU014,108.71590674603178
2026-01-19,SKU014,109.0796626984127
2026-01-26,SKU014,103.97679834054834
2026-02-02,SKU014,125.21765954878452
2026-02-09,SKU014,133.11237329337328
2026-01-05,SKU015,20.350086038961038
2026-01-12,SKU015,20.916823412698413
2026-01-19,SKU015,21.698808441558448
2026-01-26,SKU015,20.949231782106782
2026-02-02,SKU015,20.617257034632026
2026-02-09,SKU015,21.45462355699856
2026-01-05,SKU016,79.13668434343434
2026-01-12,SKU016,77.8302328643579
2026-01-19,SKU016,80.44276551226554
2026-01-26,SKU016,80.94868614718615
2026-02-02,SKU016,91.04627530802526
2026-02-09,SKU016,89.08068181818179
2026-01-05,SKU017,80.69399981962482
2026-01-12,SKU017,84.01327018814519
2026-01-19,SKU017,84.30884876234876
2026-01-26,SKU017,85.62577633477639
2026-02-02,SKU017,96.49034385059383
2026-02-09,SKU017,89.86296933621935
2026-01-05,SKU018,147.1128690476191
2026-01-12,SKU018,137.31204960317461
2026-01-19,SKU018,134.68390674603177
2026-01-26,SKU018,137.09642911255412
2026-02-02,SKU018,158.6290198412699
2026-02-09,SKU018,159.80900499500495
2026-01-05,SKU019,93.74909387834388
2026-01-12,SKU019,95.09240746753245
2026-01-19,SKU019,94.62024747474749
2026-01-26,SKU019,97.73849432511932
2026-02-02,SKU019,100.95390115440115
2026-02-09,SKU019,108.59420408757913
2026-01-05,SKU020,79.89923899711401
2026-01-12,SKU020,82.62161829836826
2026-01-19,SKU020,89.30382482794987
2026-01-26,SKU020,81.0799283910534
2026-02-02,SKU020,90.58609036796535
2026-02-09,SKU020,93.22064084526585
2026-01-05,SKU021,47.764904761904745
2026-01-12,SKU021,47.19769968919969
2026-01-19,SKU021,46.31379240204238
2026-01-26,SKU021,47.875517871017855
2026-02-02,SKU021,52.65173766511268
2026-02-09,SKU021,55.82828869741371
2026-01-05,SKU022,68.63878751803753
2026-01-12,SKU022,68.12768037518039
2026-01-19,SKU022,70.3976928210678
2026-01-26,SKU022,67.79132829670327
2026-02-02,SKU022,74.59988185425688
2026-02-09,SKU022,77.41168831168831
2026-01-05,SKU023,89.94325847763346
2026-01-12,SKU023,90.5138446969697
2026-01-19,SKU023,87.44476984126986
2026-01-26,SKU023,92.32102490564995
2026-02-02,SKU023,96.083617965368
2026-02-09,SKU023,101.30980898268403
2026-01-05,SKU024,70.19066414141412
2026-01-12,SKU024,69.36096735209233
2026-01-19,SKU024,70.47487626262622
2026-01-26,SKU024,70.88891847041846
2026-02-02,SKU024,77.50145292207793
2026-02-09,SKU024,82.12485606060605
2026-01-05,SKU025,19.76138185425685
2026-01-12,SKU025,19.948654401154407
2026-01-19,SKU025,19.673748196248198
2026-01-26,SKU025,19.999668831168833
2026-02-02,SKU025,20.805569444444444
2026-02-09,SKU025,19.216003427128435
2026-01-05,SKU026,126.38547366522369
2026-01-12,SKU026,125.7023546176046
2026-01-19,SKU026,127.45501957764459
2026-01-26,SKU026,126.81793867243864
2026-02-02,SKU026,138.2621847041848
2026-02-09,SKU026,141.6189314574315
2026-01-05,SKU027,147.25620238095237
2026-01-12,SKU027,146.81762728937727
2026-01-19,SKU027,137.2607420634921
2026-01-26,SKU027,137.41880501442998
2026-02-02,SKU027,159.12901563714058
2026-02-09,SKU027,157.7496224192474
2026-01-05,SKU028,30.21114375901876
2026-01-12,SKU028,31.44243163780664
2026-01-19,SKU028,34.1235963203463
2026-01-26,SKU028,32.88108928571428
2026-02-02,SKU028,35.98019047619048
2026-02-09,SKU028,34.3057509018759
2026-01-05,SKU029,89.64736431623935
2026-01-12,SKU029,93.65896013708512
2026-01-19,SKU029,91.84447835497838
2026-01-26,SKU029,95.89346167721163
2026-02-02,SKU029,99.25946083083583
2026-02-09,SKU029,105.41500333000333
2026-01-05,SKU030,31.669291125541143
2026-01-12,SKU030,30.723611832611827
2026-01-19,SKU030,32.20845562770561
2026-01-26,SKU030,31.537568722943725
2026-02-02,SKU030,33.75280429292928
2026-02-09,SKU030,33.532703046953046
2026-01-05,SKU031,95.06003914141412
2026-01-12,SKU031,101.23532305194806
2026-01-19,SKU031,97.47030808080808
2026-01-26,SKU031,98.78625423187921
2026-02-02,SKU031,111.77527236652232
2026-02-09,SKU031,110.66162463924957
2026-01-05,SKU032,52.98787202855627
2026-01-12,SKU032,58.737413419913416
2026-01-19,SKU032,56.746134615384655
2026-01-26,SKU032,57.74487730325235
2026-02-02,SKU032,70.15313185425684
2026-02-09,SKU032,62.14795652958153
2026-01-05,SKU033,93.8809215367965
2026-01-12,SKU033,96.53489989177483
2026-01-19,SKU033,99.03603724053723
2026-01-26,SKU033,98.79263013375515
2026-02-02,SKU033,109.5558553391053
2026-02-09,SKU033,110.30785010822514
2026-01-05,SKU034,102.40001984126985
2026-01-12,SKU034,104.18531331168833
2026-01-19,SKU034,101.4122779581529
2026-01-26,SKU034,97.68412977300471
2026-02-02,SKU034,108.08923773448774
2026-02-09,SKU034,112.20203968253959
2026-01-05,SKU035,123.22026885614386
2026-01-12,SKU035,117.48265169552667
2026-01-19,SKU035,124.50240918803418
2026-01-26,SKU035,111.60726803751805
2026-02-02,SKU035,133.09871915584415
2026-02-09,SKU035,136.1746457431458
2026-01-05,SKU036,32.377378427128434
2026-01-12,SKU036,30.97547005772005
2026-01-19,SKU036,32.3832839105339
2026-01-26,SKU036,32.10448575036074
2026-02-02,SKU036,35.23496302308803
2026-02-09,SKU036,34.80300198412699
2026-01-05,SKU037,124.86845923520924
2026-01-12,SKU037,132.83783784271284
2026-01-19,SKU037,132.06195670995672
2026-01-26,SKU037,132.2743463203463
2026-02-02,SKU037,142.1114181096681
2026-02-09,SKU037,155.45908152958154
2026-01-05,SKU038,48.36595246420248
2026-01-12,SKU038,48.01334902597401
2026-01-19,SKU038,46.370552738927735
2026-01-26,SKU038,45.32590458152956
2026-02-02,SKU038,49.957934065934076
2026-02-09,SKU038,51.51077290764792
2026-01-05,SKU039,21.47613654401154
2026-01-12,SKU039,22.006147907647904
2026-01-19,SKU039,20.820430735930735
2026-01-26,SKU039,22.085988636363638
2026-02-02,SKU039,21.857153499278496
2026-02-09,SKU039,22.483558802308803
2026-01-05,SKU040,86.97812355699854
2026-01-12,SKU040,83.88872115384612
2026-01-19,SKU040,79.42079689754691
2026-01-26,SKU040,85.48583658008658
2026-02-02,SKU040,90.77571067821066
2026-02-09,SKU040,96.14055762293258
2026-01-05,SKU041,69.59333513708516
2026-01-12,SKU041,71.17617748917746
2026-01-19,SKU041,69.75500252525252
2026-01-26,SKU041,70.07495833333333
2026-02-02,SKU041,73.1009967116217
2026-02-09,SKU041,73.21069326506826
2026-01-05,SKU042,124.80738200688202
2026-01-12,SKU042,127.78256547619047
2026-01-19,SKU042,129.07191712454215
2026-01-26,SKU042,127.78787175324678
2026-02-02,SKU042,137.85867658730157
2026-02-09,SKU042,138.84328860028864
2026-01-05,SKU043,124.99702669552671
2026-01-12,SKU043,128.2687854506605
2026-01-19,SKU043,130.2698411865912
2026-01-26,SKU043,131.23231854256855
2026-02-02,SKU043,141.80404569042068
2026-02-09,SKU043,148.39277759740264
2026-01-05,SKU044,58.89056414418915
2026-01-12,SKU044,60.44972871572873
2026-01-19,SKU044,60.10401839826843
2026-01-26,SKU044,56.405299908424894
2026-02-02,SKU044,65.25147113997114
2026-02-09,SKU044,62.80513347763348
2026-01-05,SKU045,123.75170526695526
2026-01-12,SKU045,128.63437293262297
2026-01-19,SKU045,132.17589285714283
2026-01-26,SKU045,129.8877687590188
2026-02-02,SKU045,144.48201731601733
2026-02-09,SKU045,153.1658027944278
2026-01-05,SKU046,54.82629779942281
2026-01-12,SKU046,54.98018059718056
2026-01-19,SKU046,54.40712060162062
2026-01-26,SKU046,53.36280459817959
2026-02-02,SKU046,64.83146187146185
2026-02-09,SKU046,56.51476959151961
2026-01-05,SKU047,89.55436269286271
2026-01-12,SKU047,89.83675595238097
2026-01-19,SKU047,90.38563221500722
2026-01-26,SKU047,92.23514249639251
2026-02-02,SKU047,100.54324446386943
2026-02-09,SKU047,100.67882269119765
2026-01-05,SKU048,46.90052380952378
2026-01-12,SKU048,47.57077410089909
2026-01-19,SKU048,42.71847627372627
2026-01-26,SKU048,44.0844971972472
2026-02-02,SKU048,48.35013575313575
2026-02-09,SKU048,48.29511832611834
2026-01-05,SKU049,137.6351872294373
2026-01-12,SKU049,136.96692117604618
2026-01-19,SKU049,130.88216901154402
2026-01-26,SKU049,132.03768957431458
2026-02-02,SKU049,155.18919132256636
2026-02-09,SKU049,158.20146201021197
2026-01-05,SKU050,36.77473708236211
2026-01-12,SKU050,37.30989484126986
2026-01-19,SKU050,36.823312950937954
2026-01-26,SKU050,36.6369458874459
2026-02-02,SKU050,36.38851010101011
2026-02-09,SKU050,40.1316587995338
