Week_Start,SKU,Forecast_Units,Selected_Model
2026-01-05,SKU001,100.0,Seasonal naive (52-week lag)
2026-01-12,SKU001,89.0,Seasonal naive (52-week lag)
2026-01-19,SKU001,103.0,Seasonal naive (52-week lag)
2026-01-26,SKU001,100.0,Seasonal naive (52-week lag)
2026-02-02,SKU001,106.0,Seasonal naive (52-week lag)
2026-02-09,SKU001,124.0,Seasonal naive (52-week lag)
2026-01-05,SKU002,63.0,Seasonal naive (52-week lag)
2026-01-12,SKU002,67.0,Seasonal naive (52-week lag)
2026-01-19,SKU002,66.0,Seasonal naive (52-week lag)
2026-01-26,SKU002,85.0,Seasonal naive (52-week lag)
2026-02-02,SKU002,71.0,Seasonal naive (52-week lag)
2026-02-09,SKU002,79.0,Seasonal naive (52-week lag)
2026-01-05,SKU003,34.0,Seasonal naive (52-week lag)
2026-01-12,SKU003,41.0,Seasonal naive (52-week lag)
2026-01-19,SKU003,23.0,Seasonal naive (52-week lag)
2026-01-26,SKU003,40.0,Seasonal naive (52-week lag)
2026-02-02,SKU003,34.0,Seasonal naive (52-week lag)
2026-02-09,SKU003,47.0,Seasonal naive (52-week lag)
2026-01-05,SKU004,35.0,Seasonal naive (52-week lag)
2026-01-12,SKU004,24.0,Seasonal naive (52-week lag)
2026-01-19,SKU004,38.0,Seasonal naive (52-week lag)
2026-01-26,SKU004,34.0,Seasonal naive (52-week lag)
2026-02-02,SKU004,32.0,Seasonal naive (52-week lag)
2026-02-09,SKU004,37.0,Seasonal naive (52-week lag)
2026-01-05,SKU005,97.0,Seasonal naive (52-week lag)
2026-01-12,SKU005,133.0,Seasonal naive (52-week lag)
2026-01-19,SKU005,110.0,Seasonal naive (52-week lag)
2026-01-26,SKU005,107.0,Seasonal naive (52-week lag)
2026-02-02,SKU005,123.0,Seasonal naive (52-week lag)
2026-02-09,SKU005,132.0,Seasonal naive (52-week lag)
2026-01-05,SKU006,50.0,Seasonal naive (52-week lag)
2026-01-12,SKU006,46.0,Seasonal naive (52-week lag)
2026-01-19,SKU006,51.0,Seasonal naive (52-week lag)
2026-01-26,SKU006,47.0,Seasonal naive (52-week lag)
2026-02-02,SKU006,46.0,Seasonal naive (52-week lag)
2026-02-09,SKU006,45.0,Seasonal naive (52-week lag)
2026-01-05,SKU007,171.0,Seasonal naive (52-week lag)
2026-01-12,SKU007,156.0,Seasonal naive (52-week lag)
2026-01-19,SKU007,179.0,Seasonal naive (52-week lag)
2026-01-26,SKU007,178.0,Seasonal naive (52-week lag)
2026-02-02,SKU007,179.0,Seasonal naive (52-week lag)
2026-02-09,SKU007,171.0,Seasonal naive (52-week lag)
2026-01-05,SKU008,105.0,Seasonal naive (52-week lag)
2026-01-12,SKU008,111.0,Seasonal naive (52-week lag)
2026-01-19,SKU008,106.0,Seasonal naive (52-week lag)
2026-01-26,SKU008,121.0,Seasonal naive (52-week lag)
2026-02-02,SKU008,134.0,Seasonal naive (52-week lag)
2026-02-09,SKU008,122.0,Seasonal naive (52-week lag)
2026-01-05,SKU009,55.0,Seasonal naive (52-week lag)
2026-01-12,SKU009,70.0,Seasonal naive (52-week lag)
2026-01-19,SKU009,71.0,Seasonal naive (52-week lag)
2026-01-26,SKU009,69.0,Seasonal naive (52-week lag)
2026-02-02,SKU009,86.0,Seasonal naive (52-week lag)
2026-02-09,SKU009,74.0,Seasonal naive (52-week lag)
2026-01-05,SKU010,118.0,Seasonal naive (52-week lag)
2026-01-12,SKU010,113.0,Seasonal naive (52-week lag)
2026-01-19,SKU010,118.0,Seasonal naive (52-week lag)
2026-01-26,SKU010,97.0,Seasonal naive (52-week lag)
2026-02-02,SKU010,124.0,Seasonal naive (52-week lag)
2026-02-09,SKU010,128.0,Seasonal naive (52-week lag)
2026-01-05,SKU011,21.0,Seasonal naive (52-week lag)
2026-01-12,SKU011,19.0,Seasonal naive (52-week lag)
2026-01-19,SKU011,24.0,Seasonal naive (52-week lag)
2026-01-26,SKU011,13.0,Seasonal naive (52-week lag)
2026-02-02,SKU011,16.0,Seasonal naive (52-week lag)
2026-02-09,SKU011,16.0,Seasonal naive (52-week lag)
2026-01-05,SKU012,180.0,Seasonal naive (52-week lag)
2026-01-12,SKU012,194.0,Seasonal naive (52-week lag)
2026-01-19,SKU012,191.0,Seasonal naive (52-week lag)
2026-01-26,SKU012,172.0,Seasonal naive (52-week lag)
2026-02-02,SKU012,195.0,Seasonal naive (52-week lag)
2026-02-09,SKU012,203.0,Seasonal naive (52-week lag)
2026-01-05,SKU013,93.0,Seasonal naive (52-week lag)
2026-01-12,SKU013,98.0,Seasonal naive (52-week lag)
2026-01-19,SKU013,87.0,Seasonal naive (52-week lag)
2026-01-26,SKU013,91.0,Seasonal naive (52-week lag)
2026-02-02,SKU013,97.0,Seasonal naive (52-week lag)
2026-02-09,SKU013,97.0,Seasonal naive (52-week lag)
2026-01-05,SKU014,131.0,Seasonal naive (52-week lag)
2026-01-12,SKU014,144.0,Seasonal naive (52-week lag)
2026-01-19,SKU014,181.0,Seasonal naive (52-week lag)
2026-01-26,SKU014,126.0,Seasonal naive (52-week lag)
2026-02-02,SKU014,167.0,Seasonal naive (52-week lag)
2026-02-09,SKU014,188.0,Seasonal naive (52-week lag)
2026-01-05,SKU015,25.0,Seasonal naive (52-week lag)
2026-01-12,SKU015,27.0,Seasonal naive (52-week lag)
2026-01-19,SKU015,32.0,Seasonal naive (52-week lag)
2026-01-26,SKU015,29.0,Seasonal naive (52-week lag)
2026-02-02,SKU015,31.0,Seasonal naive (52-week lag)
2026-02-09,SKU015,37.0,Seasonal naive (52-week lag)
2026-01-05,SKU016,97.0,Seasonal naive (52-week lag)
2026-01-12,SKU016,76.0,Seasonal naive (52-week lag)
2026-01-19,SKU016,100.0,Seasonal naive (52-week lag)
2026-01-26,SKU016,95.0,Seasonal naive (52-week lag)
2026-02-02,SKU016,112.0,Seasonal naive (52-week lag)
2026-02-09,SKU016,93.0,Seasonal naive (52-week lag)
2026-01-05,SKU017,97.0,Seasonal naive (52-week lag)
2026-01-12,SKU017,106.0,Seasonal naive (52-week lag)
2026-01-19,SKU017,89.0,Seasonal naive (52-week lag)
2026-01-26,SKU017,89.0,Seasonal naive (52-week lag)
2026-02-02,SKU017,112.0,Seasonal naive (52-week lag)
2026-02-09,SKU017,97.0,Seasonal naive (52-week lag)
2026-01-05,SKU018,172.0,Seasonal naive (52-week lag)
2026-01-12,SKU018,164.0,Seasonal naive (52-week lag)
2026-01-19,SKU018,163.0,Seasonal naive (52-week lag)
2026-01-26,SKU018,178.0,Seasonal naive (52-week lag)
2026-02-02,SKU018,175.0,Seasonal naive (52-week lag)
2026-02-09,SKU018,186.0,Seasonal naive (52-week lag)
2026-01-05,SKU019,114.0,Seasonal naive (52-week lag)
2026-01-12,SKU019,113.0,Seasonal naive (52-week lag)
2026-01-19,SKU019,115.0,Seasonal naive (52-week lag)
2026-01-26,SKU019,109.0,Seasonal naive (52-week lag)
2026-02-02,SKU019,95.0,Seasonal naive (52-week lag)
2026-02-09,SKU019,111.0,Seasonal naive (52-week lag)
2026-01-05,SKU020,83.0,Seasonal naive (52-week lag)
2026-01-12,SKU020,95.0,Seasonal naive (52-week lag)
2026-01-19,SKU020,100.0,Seasonal naive (52-week lag)
2026-01-26,SKU020,79.0,Seasonal naive (52-week lag)
2026-02-02,SKU020,93.0,Seasonal naive (52-week lag)
2026-02-09,SKU020,105.0,Seasonal naive (52-week lag)
2026-01-05,SKU021,63.0,Seasonal naive (52-week lag)
2026-01-12,SKU021,60.0,Seasonal naive (52-week lag)
2026-01-19,SKU021,57.0,Seasonal naive (52-week lag)
2026-01-26,SKU021,73.0,Seasonal naive (52-week lag)
2026-02-02,SKU021,63.0,Seasonal naive (52-week lag)
2026-02-09,SKU021,73.0,Seasonal naive (52-week lag)
2026-01-05,SKU022,77.0,Seasonal naive (52-week lag)
2026-01-12,SKU022,69.0,Seasonal naive (52-week lag)
2026-01-19,SKU022,79.0,Seasonal naive (52-week lag)
2026-01-26,SKU022,75.0,Seasonal naive (52-week lag)
2026-02-02,SKU022,75.0,Seasonal naive (52-week lag)
2026-02-09,SKU022,86.0,Seasonal naive (52-week lag)
2026-01-05,SKU023,114.0,Seasonal naive (52-week lag)
2026-01-12,SKU023,92.0,Seasonal naive (52-week lag)
2026-01-19,SKU023,83.0,Seasonal naive (52-week lag)
2026-01-26,SKU023,106.0,Seasonal naive (52-week lag)
2026-02-02,SKU023,98.0,Seasonal naive (52-week lag)
2026-02-09,SKU023,113.0,Seasonal naive (52-week lag)
2026-01-05,SKU024,77.0,Seasonal naive (52-week lag)
2026-01-12,SKU024,73.0,Seasonal naive (52-week lag)
2026-01-19,SKU024,80.0,Seasonal naive (52-week lag)
2026-01-26,SKU024,88.0,Seasonal naive (52-week lag)
2026-02-02,SKU024,84.0,Seasonal naive (52-week lag)
2026-02-09,SKU024,95.0,Seasonal naive (52-week lag)
2026-01-05,SKU025,21.0,Seasonal naive (52-week lag)
2026-01-12,SKU025,12.0,Seasonal naive (52-week lag)
2026-01-19,SKU025,21.0,Seasonal naive (52-week lag)
2026-01-26,SKU025,17.0,Seasonal naive (52-week lag)
2026-02-02,SKU025,28.0,Seasonal naive (52-week lag)
2026-02-09,SKU025,16.0,Seasonal naive (52-week lag)
2026-01-05,SKU026,165.0,Seasonal naive (52-week lag)
2026-01-12,SKU026,136.0,Seasonal naive (52-week lag)
2026-01-19,SKU026,165.0,Seasonal naive (52-week lag)
2026-01-26,SKU026,161.0,Seasonal naive (52-week lag)
2026-02-02,SKU026,170.0,Seasonal naive (52-week lag)
2026-02-09,SKU026,166.0,Seasonal naive (52-week lag)
2026-01-05,SKU027,167.0,Seasonal naive (52-week lag)
2026-01-12,SKU027,190.0,Seasonal naive (52-week lag)
2026-01-19,SKU027,179.0,Seasonal naive (52-week lag)
2026-01-26,SKU027,160.0,Seasonal naive (52-week lag)
2026-02-02,SKU027,197.0,Seasonal naive (52-week lag)
2026-02-09,SKU027,187.0,Seasonal naive (52-week lag)
2026-01-05,SKU028,41.0,Seasonal naive (52-week lag)
2026-01-12,SKU028,43.0,Seasonal naive (52-week lag)
2026-01-19,SKU028,42.0,Seasonal naive (52-week lag)
2026-01-26,SKU028,38.0,Seasonal naive (52-week lag)
2026-02-02,SKU028,44.0,Seasonal naive (52-week lag)
2026-02-09,SKU028,37.0,Seasonal naive (52-week lag)
2026-01-05,SKU029,110.0,Seasonal naive (52-week lag)
2026-01-12,SKU029,124.0,Seasonal naive (52-week lag)
2026-01-19,SKU029,91.0,Seasonal naive (52-week lag)
2026-01-26,SKU029,111.0,Seasonal naive (52-week lag)
2026-02-02,SKU029,105.0,Seasonal naive (52-week lag)
2026-02-09,SKU029,127.0,Seasonal naive (52-week lag)
2026-01-05,SKU030,31.0,Seasonal naive (52-week lag)
2026-01-12,SKU030,34.0,Seasonal naive (52-week lag)
2026-01-19,SKU030,36.0,Seasonal naive (52-week lag)
2026-01-26,SKU030,26.0,Seasonal naive (52-week lag)
2026-02-02,SKU030,41.0,Seasonal naive (52-week lag)
2026-02-09,SKU030,31.0,Seasonal naive (52-week lag)
2026-01-05,SKU031,145.0,Seasonal naive (52-week lag)
2026-01-12,SKU031,132.0,Seasonal naive (52-week lag)
2026-01-19,SKU031,140.0,Seasonal naive (52-week lag)
2026-01-26,SKU031,131.0,Seasonal naive (52-week lag)
2026-02-02,SKU031,152.0,Seasonal naive (52-week lag)
2026-02-09,SKU031,163.0,Seasonal naive (52-week lag)
2026-01-05,SKU032,54.0,Seasonal naive (52-week lag)
2026-01-12,SKU032,67.0,Seasonal naive (52-week lag)
2026-01-19,SKU032,64.0,Seasonal naive (52-week lag)
2026-01-26,SKU032,63.0,Seasonal naive (52-week lag)
2026-02-02,SKU032,74.0,Seasonal naive (52-week lag)
2026-02-09,SKU032,63.0,Seasonal naive (52-week lag)
2026-01-05,SKU033,123.0,Seasonal naive (52-week lag)
2026-01-12,SKU033,138.0,Seasonal naive (52-week lag)
2026-01-19,SKU033,129.0,Seasonal naive (52-week lag)
2026-01-26,SKU033,139.0,Seasonal naive (52-week lag)
2026-02-02,SKU033,146.0,Seasonal naive (52-week lag)
2026-02-09,SKU033,127.0,Seasonal naive (52-week lag)
2026-01-05,SKU034,128.0,Seasonal naive (52-week lag)
2026-01-12,SKU034,134.0,Seasonal naive (52-week lag)
2026-01-19,SKU034,148.0,Seasonal naive (52-week lag)
2026-01-26,SKU034,142.0,Seasonal naive (52-week lag)
2026-02-02,SKU034,145.0,Seasonal naive (52-week lag)
2026-02-09,SKU034,160.0,Seasonal naive (52-week lag)
2026-01-05,SKU035,149.0,Seasonal naive (52-week lag)
2026-01-12,SKU035,122.0,Seasonal naive (52-week lag)
2026-01-19,SKU035,148.0,Seasonal naive (52-week lag)
2026-01-26,SKU035,140.0,Seasonal naive (52-week lag)
2026-02-02,SKU035,179.0,Seasonal naive (52-week lag)
2026-02-09,SKU035,184.0,Seasonal naive (52-week lag)
2026-01-05,SKU036,32.0,Seasonal naive (52-week lag)
2026-01-12,SKU036,36.0,Seasonal naive (52-week lag)
2026-01-19,SKU036,38.0,Seasonal naive (52-week lag)
2026-01-26,SKU036,39.0,Seasonal naive (52-week lag)
2026-02-02,SKU036,39.0,Seasonal naive (52-week lag)
2026-02-09,SKU036,30.0,Seasonal naive (52-week lag)
2026-01-05,SKU037,156.0,Seasonal naive (52-week lag)
2026-01-12,SKU037,158.0,Seasonal naive (52-week lag)
2026-01-19,SKU037,163.0,Seasonal naive (52-week lag)
2026-01-26,SKU037,167.0,Seasonal naive (52-week lag)
2026-02-02,SKU037,181.0,Seasonal naive (52-week lag)
2026-02-09,SKU037,165.0,Seasonal naive (52-week lag)
2026-01-05,SKU038,48.0,Seasonal naive (52-week lag)
2026-01-12,SKU038,48.0,Seasonal naive (52-week lag)
2026-01-19,SKU038,42.0,Seasonal naive (52-week lag)
2026-01-26,SKU038,46.0,Seasonal naive (52-week lag)
2026-02-02,SKU038,47.0,Seasonal naive (52-week lag)
2026-02-09,SKU038,55.0,Seasonal naive (52-week lag)
2026-01-05,SKU039,25.0,Seasonal naive (52-week lag)
2026-01-12,SKU039,25.0,Seasonal naive (52-week lag)
2026-01-19,SKU039,24.0,Seasonal naive (52-week lag)
2026-01-26,SKU039,25.0,Seasonal naive (52-week lag)
2026-02-02,SKU039,26.0,Seasonal naive (52-week lag)
2026-02-09,SKU039,29.0,Seasonal naive (52-week lag)
2026-01-05,SKU040,115.0,Seasonal naive (52-week lag)
2026-01-12,SKU040,112.0,Seasonal naive (52-week lag)
2026-01-19,SKU040,101.0,Seasonal naive (52-week lag)
2026-01-26,SKU040,110.0,Seasonal naive (52-week lag)
2026-02-02,SKU040,102.0,Seasonal naive (52-week lag)
2026-02-09,SKU040,125.0,Seasonal naive (52-week lag)
2026-01-05,SKU041,98.0,Seasonal naive (52-week lag)
2026-01-12,SKU041,74.0,Seasonal naive (52-week lag)
2026-01-19,SKU041,72.0,Seasonal naive (52-week lag)
2026-01-26,SKU041,80.0,Seasonal naive (52-week lag)
2026-02-02,SKU041,77.0,Seasonal naive (52-week lag)
2026-02-09,SKU041,76.0,Seasonal naive (52-week lag)
2026-01-05,SKU042,137.0,Seasonal naive (52-week lag)
2026-01-12,SKU042,155.0,Seasonal naive (52-week lag)
2026-01-19,SKU042,149.0,Seasonal naive (52-week lag)
2026-01-26,SKU042,162.0,Seasonal naive (52-week lag)
2026-02-02,SKU042,151.0,Seasonal naive (52-week lag)
2026-02-09,SKU042,179.0,Seasonal naive (52-week lag)
2026-01-05,SKU043,166.0,Seasonal naive (52-week lag)
2026-01-12,SKU043,157.0,Seasonal naive (52-week lag)
2026-01-19,SKU043,155.0,Seasonal naive (52-week lag)
2026-01-26,SKU043,161.0,Seasonal naive (52-week lag)
2026-02-02,SKU043,191.0,Seasonal naive (52-week lag)
2026-02-09,SKU043,168.0,Seasonal naive (52-week lag)
2026-01-05,SKU044,76.0,Seasonal naive (52-week lag)
2026-01-12,SKU044,81.0,Seasonal naive (52-week lag)
2026-01-19,SKU044,71.0,Seasonal naive (52-week lag)
2026-01-26,SKU044,67.0,Seasonal naive (52-week lag)
2026-02-02,SKU044,69.0,Seasonal naive (52-week lag)
2026-02-09,SKU044,66.0,Seasonal naive (52-week lag)
2026-01-05,SKU045,169.0,Seasonal naive (52-week lag)
2026-01-12,SKU045,145.0,Seasonal naive (52-week lag)
2026-01-19,SKU045,184.0,Seasonal naive (52-week lag)
2026-01-26,SKU045,184.0,Seasonal naive (52-week lag)
2026-02-02,SKU045,179.0,Seasonal naive (52-week lag)
2026-02-09,SKU045,202.0,Seasonal naive (52-week lag)
2026-01-05,SKU046,72.0,Seasonal naive (52-week lag)
2026-01-12,SKU046,66.0,Seasonal naive (52-week lag)
2026-01-19,SKU046,60.0,Seasonal naive (52-week lag)
2026-01-26,SKU046,66.0,Seasonal naive (52-week lag)
2026-02-02,SKU046,76.0,Seasonal naive (52-week lag)
2026-02-09,SKU046,64.0,Seasonal naive (52-week lag)
2026-01-05,SKU047,110.0,Seasonal naive (52-week lag)
2026-01-12,SKU047,84.0,Seasonal naive (52-week lag)
2026-01-19,SKU047,90.0,Seasonal naive (52-week lag)
2026-01-26,SKU047,99.0,Seasonal naive (52-week lag)
2026-02-02,SKU047,108.0,Seasonal naive (52-week lag)
2026-02-09,SKU047,104.0,Seasonal naive (52-week lag)
2026-01-05,SKU048,57.0,Seasonal naive (52-week lag)
2026-01-12,SKU048,61.0,Seasonal naive (52-week lag)
2026-01-19,SKU048,71.0,Seasonal naive (52-week lag)
2026-01-26,SKU048,63.0,Seasonal naive (52-week lag)
2026-02-02,SKU048,53.0,Seasonal naive (52-week lag)
2026-02-09,SKU048,44.0,Seasonal naive (52-week lag)
2026-01-05,SKU049,177.0,Seasonal naive (52-week lag)
2026-01-12,SKU049,183.0,Seasonal naive (52-week lag)
2026-01-19,SKU049,154.0,Seasonal naive (52-week lag)
2026-01-26,SKU049,160.0,Seasonal naive (52-week lag)
2026-02-02,SKU049,199.0,Seasonal naive (52-week lag)
2026-02-09,SKU049,182.0,Seasonal naive (52-week lag)
2026-01-05,SKU050,40.0,Seasonal naive (52-week lag)
2026-01-12,SKU050,40.0,Seasonal naive (52-week lag)
2026-01-19,SKU050,45.0,Seasonal naive (52-week lag)
2026-01-26,SKU050,36.0,Seasonal naive (52-week lag)
2026-02-02,SKU050,41.0,Seasonal naive (52-week lag)
2026-02-09,SKU050,51.0,Seasonal naive (52-week lag)
