SKU,Product_Name,Category,Snapshot_Date,Current_Stock,On_Order,Available_Units,Lead_Time_Days,Safety_Stock,Reorder_Point,Lead_Time_Demand,Projected_Stock_After_Lead_Time,Six_Week_Forecast,Stockout_Risk,Overstock_Risk,Risk_Level,Recommended_Action,Recommended_Order_Units,Estimated_Sales_At_Risk,Potential_Excess_Units,Estimated_Capital_Locked,Snapshot_Age_Days_At_Forecast_Start
SKU025,Product 025,Storage,2025-12-01,1124,61,1185,14,121,582,33.0,1152.0,115.0,False,True,High overstock,Markdown / clear,0,0.0,894.0,1191773.52,35
SKU026,Product 026,Furniture,2025-12-01,160,70,230,5,31,59,117.85714285714286,112.14285714285714,963.0,False,False,Low,Healthy,0,0.0,0.0,0.0,35
SKU027,Product 027,Home Decor,2025-12-01,567,103,670,3,83,133,71.57142857142857,598.4285714285714,1080.0,False,False,Low,Healthy,0,0.0,0.0,0.0,35
SKU028,Product 028,Kitchen,2025-12-01,174,55,229,11,114,337,65.57142857142857,163.42857142857144,245.0,True,False,High stockout,Reorder now,108,0.0,0.0,0.0,35
SKU029,Product 029,Lighting,2025-12-01,261,520,781,5,196,329,78.57142857142857,702.4285714285714,668.0,False,False,Low,Healthy,0,0.0,0.0,0.0,35
SKU030,Product 030,Storage,2025-12-01,166,32,198,9,43,104,40.714285714285715,157.28571428571428,199.0,False,False,Low,Healthy,0,0.0,0.0,0.0,35
SKU031,Product 031,Furniture,2025-12-01,93,40,133,13,28,113,258.1428571428571,-125.14285714285711,863.0,True,False,High stockout,Reorder now,154,1090736.3828571427,0.0,0.0,35
SKU032,Product 032,Home Decor,2025-12-01,278,214,492,11,60,185,92.28571428571428,399.7142857142857,385.0,False,False,Low,Healthy,0,0.0,0.0,0.0,35
SKU033,Product 033,Kitchen,2025-12-01,208,168,376,12,55,183,221.57142857142856,154.42857142857144,802.0,False,False,Low,Healthy,0,0.0,0.0,0.0,35
SKU034,Product 034,Lighting,2025-12-01,34,103,137,5,34,58,91.42857142857143,45.57142857142857,857.0,False,False,Low,Healthy,0,0.0,0.0,0.0,35
SKU035,Product 035,Storage,2025-12-01,670,76,746,8,137,304,166.42857142857142,579.5714285714286,922.0,False,False,Low,Healthy,0,0.0,0.0,0.0,35
SKU036,Product 036,Furniture,2025-12-01,383,135,518,3,77,129,13.714285714285714,504.2857142857143,214.0,False,False,Low,Healthy,0,0.0,0.0,0.0,35
SKU037,Product 037,Home Decor,2025-12-01,355,687,1042,8,315,644,178.57142857142858,863.4285714285714,990.0,False,False,Low,Healthy,0,0.0,0.0,0.0,35
SKU038,Product 038,Kitchen,2025-12-01,159,310,469,12,56,175,82.28571428571428,386.7142857142857,286.0,False,False,Low,Healthy,0,0.0,0.0,0.0,35
SKU039,Product 039,Lighting,2025-12-01,93,35,128,3,17,31,10.714285714285714,117.28571428571429,154.0,False,False,Low,Healthy,0,0.0,0.0,0.0,35
SKU040,Product 040,Storage,2025-12-01,67,29,96,9,36,93,147.0,-51.0,665.0,True,False,High stockout,Reorder now,87,124978.56,0.0,0.0,35
SKU041,Product 041,Furniture,2025-12-01,440,40,480,4,78,139,56.0,424.0,477.0,False,False,Low,Healthy,0,0.0,0.0,0.0,35
SKU042,Product 042,Home Decor,2025-12-01,90,120,210,6,41,88,117.42857142857143,92.57142857142857,933.0,False,False,Low,Healthy,0,0.0,0.0,0.0,35
SKU043,Product 043,Kitchen,2025-12-01,559,211,770,12,142,393,278.1428571428571,491.8571428571429,998.0,False,False,Low,Healthy,0,0.0,0.0,0.0,35
SKU044,Product 044,Lighting,2025-12-01,223,39,262,5,55,93,54.285714285714285,207.71428571428572,430.0,False,False,Low,Healthy,0,0.0,0.0,0.0,35
SKU045,Product 045,Storage,2025-12-01,307,142,449,4,88,142,96.57142857142857,352.42857142857144,1063.0,False,False,Low,Healthy,0,0.0,0.0,0.0,35
SKU024,Product 024,Lighting,2025-12-01,341,18,359,14,60,259,150.0,209.0,497.0,False,False,Low,Healthy,0,0.0,0.0,0.0,35
SKU046,Product 046,Furniture,2025-12-01,119,182,301,4,46,96,41.142857142857146,259.85714285714283,404.0,False,False,Low,Healthy,0,0.0,0.0,0.0,35
SKU023,Product 023,Kitchen,2025-12-01,130,79,209,12,41,148,179.71428571428572,29.285714285714278,606.0,True,False,High stockout,Reorder now,12,0.0,0.0,0.0,35
SKU021,Product 021,Furniture,2025-12-01,88,97,185,9,36,88,80.14285714285714,104.85714285714286,389.0,False,False,Low,Healthy,0,0.0,0.0,0.0,35
SKU001,Product 001,Furniture,2025-12-01,771,147,918,4,159,289,57.142857142857146,860.8571428571429,622.0,False,False,Low,Healthy,0,0.0,0.0,0.0,35
SKU002,Product 002,Home Decor,2025-12-01,526,29,555,3,94,149,27.0,528.0,431.0,False,False,Low,Healthy,0,0.0,0.0,0.0,35
SKU003,Product 003,Kitchen,2025-12-01,349,12,361,3,88,123,14.571428571428571,346.42857142857144,219.0,False,False,Low,Healthy,0,0.0,0.0,0.0,35
SKU004,Product 004,Lighting,2025-12-01,259,254,513,6,98,196,30.0,483.0,200.0,False,False,Low,Healthy,0,0.0,0.0,0.0,35
SKU005,Product 005,Storage,2025-12-01,471,291,762,6,129,245,83.14285714285714,678.8571428571429,702.0,False,False,Low,Healthy,0,0.0,0.0,0.0,35
SKU006,Product 006,Furniture,2025-12-01,359,485,844,13,129,340,89.42857142857143,754.5714285714286,285.0,False,False,Low,Healthy,0,0.0,0.0,0.0,35
SKU007,Product 007,Home Decor,2025-12-01,207,460,667,8,98,237,193.28571428571428,473.7142857142857,1034.0,False,False,Low,Healthy,0,0.0,0.0,0.0,35
SKU008,Product 008,Kitchen,2025-12-01,325,155,480,3,91,161,45.0,435.0,699.0,False,False,Low,Healthy,0,0.0,0.0,0.0,35
SKU009,Product 009,Lighting,2025-12-01,75,89,164,7,63,131,55.0,109.0,425.0,False,False,Low,Healthy,0,0.0,0.0,0.0,35
SKU010,Product 010,Storage,2025-12-01,83,70,153,13,22,60,214.85714285714286,-61.85714285714286,698.0,True,False,High stockout,Reorder now,84,41039.740000000005,0.0,0.0,35
SKU011,Product 011,Furniture,2025-12-01,753,269,1022,3,179,247,9.0,1013.0,109.0,False,True,High overstock,Markdown / clear,0,0.0,535.0,919344.0,35
SKU012,Product 012,Home Decor,2025-12-01,47,60,107,12,16,58,318.57142857142856,-211.57142857142856,1135.0,True,False,High stockout,Reorder now,228,1857463.852857143,0.0,0.0,35
SKU013,Product 013,Kitchen,2025-12-01,151,95,246,4,32,61,53.142857142857146,192.85714285714286,563.0,False,False,Low,Healthy,0,0.0,0.0,0.0,35
SKU014,Product 014,Lighting,2025-12-01,309,334,643,10,130,299,192.71428571428572,450.2857142857143,937.0,False,False,Low,Healthy,0,0.0,0.0,0.0,35
SKU015,Product 015,Storage,2025-12-01,187,245,432,9,119,265,32.714285714285715,399.2857142857143,181.0,False,False,Low,Healthy,0,0.0,0.0,0.0,35
SKU016,Product 016,Furniture,2025-12-01,255,187,442,11,30,129,140.42857142857144,301.57142857142856,573.0,False,False,Low,Healthy,0,0.0,0.0,0.0,35
SKU017,Product 017,Home Decor,2025-12-01,95,26,121,12,108,274,172.71428571428572,-51.71428571428572,590.0,True,False,High stockout,Reorder now,160,438398.54857142863,0.0,0.0,35
SKU018,Product 018,Kitchen,2025-12-01,235,102,337,8,66,184,195.42857142857142,141.57142857142858,1038.0,False,False,Low,Healthy,0,0.0,0.0,0.0,35
SKU019,Product 019,Lighting,2025-12-01,227,114,341,14,25,126,227.0,114.0,657.0,False,False,Low,Healthy,0,0.0,0.0,0.0,35
SKU020,Product 020,Storage,2025-12-01,1002,353,1355,3,129,227,35.57142857142857,1319.4285714285713,555.0,False,False,Low,Healthy,0,0.0,0.0,0.0,35
SKU022,Product 022,Home Decor,2025-12-01,95,194,289,8,76,163,86.85714285714286,202.14285714285714,461.0,False,False,Low,Healthy,0,0.0,0.0,0.0,35
SKU047,Product 047,Home Decor,2025-12-01,201,129,330,9,44,99,134.0,196.0,595.0,False,False,Low,Healthy,0,0.0,0.0,0.0,35
SKU048,Product 048,Kitchen,2025-12-01,106,50,156,3,22,31,24.428571428571427,131.57142857142858,349.0,False,False,Low,Healthy,0,0.0,0.0,0.0,35
SKU049,Product 049,Lighting,2025-12-01,780,599,1379,5,206,344,126.42857142857143,1252.5714285714287,1055.0,False,False,Low,Healthy,0,0.0,0.0,0.0,35
SKU050,Product 050,Storage,2025-12-01,328,525,853,14,69,316,80.0,773.0,253.0,False,False,Low,Healthy,0,0.0,0.0,0.0,35
