Origin_Week,Week_Start,SKU,Actual_Units,Forecast_Units
2025-06-23,2025-06-30,SKU001,101.0,113.37671360583862
2025-06-23,2025-07-07,SKU001,111.0,111.56814921189921
2025-06-23,2025-07-14,SKU001,118.0,110.55209618159616
2025-06-23,2025-07-21,SKU001,111.0,115.8811298701299
2025-06-23,2025-07-28,SKU001,101.0,111.54981028693524
2025-06-23,2025-08-04,SKU001,77.0,113.55791630591628
2025-06-23,2025-06-30,SKU002,53.0,80.57827118714621
2025-06-23,2025-07-07,SKU002,78.0,79.31324134199133
2025-06-23,2025-07-14,SKU002,69.0,81.8666255688756
2025-06-23,2025-07-21,SKU002,76.0,81.36277038239537
2025-06-23,2025-07-28,SKU002,75.0,82.70299603174603
2025-06-23,2025-08-04,SKU002,60.0,82.89361652236649
2025-06-23,2025-06-30,SKU003,42.0,47.99690476190475
2025-06-23,2025-07-07,SKU003,44.0,48.266113095238076
2025-06-23,2025-07-14,SKU003,37.0,45.12280555555556
2025-06-23,2025-07-21,SKU003,41.0,45.74991468253968
2025-06-23,2025-07-28,SKU003,26.0,46.58968073593073
2025-06-23,2025-08-04,SKU003,38.0,46.03881493506492
2025-06-23,2025-06-30,SKU004,27.0,35.01131186868686
2025-06-23,2025-07-07,SKU004,32.0,34.61039466089465
2025-06-23,2025-07-14,SKU004,34.0,38.34746518759018
2025-06-23,2025-07-21,SKU004,29.0,33.18384163059164
2025-06-23,2025-07-28,SKU004,33.0,33.65534974747474
2025-06-23,2025-08-04,SKU004,26.0,33.449667568542566
2025-06-23,2025-06-30,SKU005,99.0,127.43934938672437
2025-06-23,2025-07-07,SKU005,104.0,127.65677020202018
2025-06-23,2025-07-14,SKU005,106.0,125.17863347763343
2025-06-23,2025-07-21,SKU005,124.0,127.28735569985571
2025-06-23,2025-07-28,SKU005,115.0,124.16494787157288
2025-06-23,2025-08-04,SKU005,96.0,122.30840169552674
2025-06-23,2025-06-30,SKU006,41.0,53.28131773781774
2025-06-23,2025-07-07,SKU006,31.0,58.88768452380951
2025-06-23,2025-07-14,SKU006,45.0,54.24991959429457
2025-06-23,2025-07-21,SKU006,43.0,53.55494111444111
2025-06-23,2025-07-28,SKU006,49.0,55.60510281385281
2025-06-23,2025-08-04,SKU006,46.0,58.48116269841268
2025-06-23,2025-06-30,SKU007,181.0,194.91053769841267
2025-06-23,2025-07-07,SKU007,187.0,183.36380830280837
2025-06-23,2025-07-14,SKU007,161.0,181.4607503052503
2025-06-23,2025-07-21,SKU007,167.0,181.99928225940724
2025-06-23,2025-07-28,SKU007,181.0,184.71958823121327
2025-06-23,2025-08-04,SKU007,145.0,173.17940298590304
2025-06-23,2025-06-30,SKU008,128.0,124.52881511544008
2025-06-23,2025-07-07,SKU008,109.0,126.41451587301596
2025-06-23,2025-07-14,SKU008,110.0,122.1764659090909
2025-06-23,2025-07-21,SKU008,105.0,125.90345400432898
2025-06-23,2025-07-28,SKU008,112.0,122.4396008297258
2025-06-23,2025-08-04,SKU008,101.0,123.43419209956714
2025-06-23,2025-06-30,SKU009,83.0,83.64758603896105
2025-06-23,2025-07-07,SKU009,69.0,84.69368416305917
2025-06-23,2025-07-14,SKU009,73.0,85.09867554667558
2025-06-23,2025-07-21,SKU009,67.0,83.73337103174603
2025-06-23,2025-07-28,SKU009,69.0,86.2391596736597
2025-06-23,2025-08-04,SKU009,66.0,84.61826966089464
2025-06-23,2025-06-30,SKU010,111.0,131.80625457875462
2025-06-23,2025-07-07,SKU010,120.0,130.9217917360417
2025-06-23,2025-07-14,SKU010,124.0,130.527347041847
2025-06-23,2025-07-21,SKU010,105.0,129.97785551948053
2025-06-23,2025-07-28,SKU010,91.0,129.79950577200574
2025-06-23,2025-08-04,SKU010,95.0,127.7430353535353
2025-06-23,2025-06-30,SKU011,25.0,20.690644008769013
2025-06-23,2025-07-07,SKU011,14.0,22.380255452880448
2025-06-23,2025-07-14,SKU011,21.0,20.038131257631257
2025-06-23,2025-07-21,SKU011,11.0,20.055819985569986
2025-06-23,2025-07-28,SKU011,18.0,17.581830808080813
2025-06-23,2025-08-04,SKU011,22.0,17.103182678432677
2025-06-23,2025-06-30,SKU012,171.0,180.84336974136974
2025-06-23,2025-07-07,SKU012,189.0,183.21985567210572
2025-06-23,2025-07-14,SKU012,179.0,185.4079446248197
2025-06-23,2025-07-21,SKU012,155.0,188.01471366133873
2025-06-23,2025-07-28,SKU012,160.0,184.1285811133312
2025-06-23,2025-08-04,SKU012,163.0,184.57165731490738
2025-06-23,2025-06-30,SKU013,101.0,113.17160461760469
2025-06-23,2025-07-07,SKU013,109.0,111.6340059523809
2025-06-23,2025-07-14,SKU013,87.0,113.02057124819625
2025-06-23,2025-07-21,SKU013,87.0,111.93002867965372
2025-06-23,2025-07-28,SKU013,85.0,111.49463906926403
2025-06-23,2025-08-04,SKU013,82.0,116.30440981240982
2025-06-23,2025-06-30,SKU014,134.0,166.70533369408375
2025-06-23,2025-07-07,SKU014,126.0,165.4612492784993
2025-06-23,2025-07-14,SKU014,139.0,160.75113453213456
2025-06-23,2025-07-21,SKU014,148.0,161.4039821428572
2025-06-23,2025-07-28,SKU014,141.0,156.51103929403934
2025-06-23,2025-08-04,SKU014,121.0,155.24370794483298
2025-06-23,2025-06-30,SKU015,22.0,32.20203782328782
2025-06-23,2025-07-07,SKU015,23.0,31.047694444444442
2025-06-23,2025-07-14,SKU015,29.0,30.09520418470418
2025-06-23,2025-07-21,SKU015,27.0,31.12381313131313
2025-06-23,2025-07-28,SKU015,25.0,30.229939574314564
2025-06-23,2025-08-04,SKU015,23.0,30.88134884559884
2025-06-23,2025-06-30,SKU016,101.0,115.26884126984123
2025-06-23,2025-07-07,SKU016,103.0,115.20856295093789
2025-06-23,2025-07-14,SKU016,104.0,109.95353066378063
2025-06-23,2025-07-21,SKU016,97.0,110.97643242868236
2025-06-23,2025-07-28,SKU016,85.0,112.36502784715282
2025-06-23,2025-08-04,SKU016,93.0,113.40385076035069
2025-06-23,2025-06-30,SKU017,105.0,117.2791803751804
2025-06-23,2025-07-07,SKU017,97.0,115.19131204906203
2025-06-23,2025-07-14,SKU017,98.0,114.97350144300144
2025-06-23,2025-07-21,SKU017,83.0,118.9193513708513
2025-06-23,2025-07-28,SKU017,82.0,110.60389484126978
2025-06-23,2025-08-04,SKU017,76.0,109.68326129426124
2025-06-23,2025-06-30,SKU018,164.0,188.04461817349318
2025-06-23,2025-07-07,SKU018,156.0,185.68324759962263
2025-06-23,2025-07-14,SKU018,167.0,184.41181370018876
2025-06-23,2025-07-21,SKU018,159.0,184.43100309412807
2025-06-23,2025-07-28,SKU018,179.0,184.61976746864246
2025-06-23,2025-08-04,SKU018,139.0,184.89617769730276
2025-06-23,2025-06-30,SKU019,94.0,130.5982184343434
2025-06-23,2025-07-07,SKU019,100.0,129.40412698412695
2025-06-23,2025-07-14,SKU019,111.0,129.86182900432897
2025-06-23,2025-07-21,SKU019,90.0,127.29788816738818
2025-06-23,2025-07-28,SKU019,116.0,130.6942875180375
2025-06-23,2025-08-04,SKU019,104.0,127.54159992784992
2025-06-23,2025-06-30,SKU020,104.0,110.37577687590188
2025-06-23,2025-07-07,SKU020,89.0,109.38638540626036
2025-06-23,2025-07-14,SKU020,97.0,110.88924776612279
2025-06-23,2025-07-21,SKU020,96.0,110.3925892857143
2025-06-23,2025-07-28,SKU020,69.0,108.48160958485956
2025-06-23,2025-08-04,SKU020,94.0,112.77215133477637
2025-06-23,2025-06-30,SKU021,57.0,67.6885753968254
2025-06-23,2025-07-07,SKU021,68.0,66.70507016594516
2025-06-23,2025-07-14,SKU021,58.0,66.20273308635811
2025-06-23,2025-07-21,SKU021,62.0,67.87032958707958
2025-06-23,2025-07-28,SKU021,54.0,67.45673633311135
2025-06-23,2025-08-04,SKU021,60.0,67.29513514263516
2025-06-23,2025-06-30,SKU022,70.0,81.83116025641024
2025-06-23,2025-07-07,SKU022,58.0,80.24933071095569
2025-06-23,2025-07-14,SKU022,82.0,82.91045147907646
2025-06-23,2025-07-21,SKU022,64.0,83.61316558441558
2025-06-23,2025-07-28,SKU022,70.0,82.0325532106782
2025-06-23,2025-08-04,SKU022,64.0,83.42943308080802
2025-06-23,2025-06-30,SKU023,105.0,121.19846951659449
2025-06-23,2025-07-07,SKU023,100.0,119.80647402597403
2025-06-23,2025-07-14,SKU023,91.0,120.58724891774892
2025-06-23,2025-07-21,SKU023,107.0,122.53933225108226
2025-06-23,2025-07-28,SKU023,102.0,118.0171854256854
2025-06-23,2025-08-04,SKU023,107.0,121.32210588023091
2025-06-23,2025-06-30,SKU024,94.0,109.28711904761909
2025-06-23,2025-07-07,SKU024,79.0,106.78223809523811
2025-06-23,2025-07-14,SKU024,70.0,110.73991791541799
2025-06-23,2025-07-21,SKU024,73.0,108.08409433621938
2025-06-23,2025-07-28,SKU024,104.0,108.77916774891779
2025-06-23,2025-08-04,SKU024,84.0,110.94459776334779
2025-06-23,2025-06-30,SKU025,18.0,19.819529831279823
2025-06-23,2025-07-07,SKU025,15.0,20.096028207903213
2025-06-23,2025-07-14,SKU025,24.0,20.563640207015204
2025-06-23,2025-07-21,SKU025,23.0,18.979425505050504
2025-06-23,2025-07-28,SKU025,20.0,17.246224886224894
2025-06-23,2025-08-04,SKU025,17.0,17.06866536241537
2025-06-23,2025-06-30,SKU026,150.0,174.75313693251195
2025-06-23,2025-07-07,SKU026,153.0,170.04219862082365
2025-06-23,2025-07-14,SKU026,155.0,168.34562259962266
2025-06-23,2025-07-21,SKU026,173.0,163.16243707681215
2025-06-23,2025-07-28,SKU026,156.0,161.63188347763347
2025-06-23,2025-08-04,SKU026,150.0,158.5937644300144
2025-06-23,2025-06-30,SKU027,165.0,172.6578692557443
2025-06-23,2025-07-07,SKU027,185.0,180.67033021145522
2025-06-23,2025-07-14,SKU027,163.0,183.84374822399826
2025-06-23,2025-07-21,SKU027,155.0,172.99266543179053
2025-06-23,2025-07-28,SKU027,156.0,171.03571846209346
2025-06-23,2025-08-04,SKU027,120.0,168.4864486208236
2025-06-23,2025-06-30,SKU028,32.0,41.90991107503607
2025-06-23,2025-07-07,SKU028,46.0,43.00393885281386
2025-06-23,2025-07-14,SKU028,42.0,43.49880122655123
2025-06-23,2025-07-21,SKU028,36.0,45.173477633477624
2025-06-23,2025-07-28,SKU028,35.0,41.96258333333332
2025-06-23,2025-08-04,SKU028,40.0,42.45070598845599
2025-06-23,2025-06-30,SKU029,102.0,125.88413167388171
2025-06-23,2025-07-07,SKU029,107.0,121.91828571428574
2025-06-23,2025-07-14,SKU029,112.0,123.9288362193362
2025-06-23,2025-07-21,SKU029,120.0,126.93570075757572
2025-06-23,2025-07-28,SKU029,97.0,123.13494155844154
2025-06-23,2025-08-04,SKU029,93.0,123.86861471861467
2025-06-23,2025-06-30,SKU030,27.0,40.9265624098124
2025-06-23,2025-07-07,SKU030,29.0,38.91183008658008
2025-06-23,2025-07-14,SKU030,36.0,38.35663474025973
2025-06-23,2025-07-21,SKU030,29.0,41.200123196248185
2025-06-23,2025-07-28,SKU030,33.0,40.379639013764006
2025-06-23,2025-08-04,SKU030,30.0,41.78673647186149
2025-06-23,2025-06-30,SKU031,124.0,145.2114224386725
2025-06-23,2025-07-07,SKU031,111.0,143.7504095904096
2025-06-23,2025-07-14,SKU031,131.0,141.9823486513487
2025-06-23,2025-07-21,SKU031,127.0,142.6883490259741
2025-06-23,2025-07-28,SKU031,121.0,143.4703796758797
2025-06-23,2025-08-04,SKU031,129.0,147.41796968309475
2025-06-23,2025-06-30,SKU032,70.0,70.63172366522365
2025-06-23,2025-07-07,SKU032,63.0,71.0366673881674
2025-06-23,2025-07-14,SKU032,54.0,74.05910822510823
2025-06-23,2025-07-21,SKU032,52.0,66.88650439837939
2025-06-23,2025-07-28,SKU032,80.0,66.5778454045954
2025-06-23,2025-08-04,SKU032,51.0,66.57270958208458
2025-06-23,2025-06-30,SKU033,137.0,146.56536199911204
2025-06-23,2025-07-07,SKU033,118.0,148.41260150960153
2025-06-23,2025-07-14,SKU033,121.0,143.1840746614497
2025-06-23,2025-07-21,SKU033,119.0,142.45497202797205
2025-06-23,2025-07-28,SKU033,112.0,142.3551725774226
2025-06-23,2025-08-04,SKU033,110.0,142.5676150377401
2025-06-23,2025-06-30,SKU034,134.0,159.85959163059164
2025-06-23,2025-07-07,SKU034,118.0,154.69247255522254
2025-06-23,2025-07-14,SKU034,147.0,153.13747632922636
2025-06-23,2025-07-21,SKU034,152.0,155.80783311133314
2025-06-23,2025-07-28,SKU034,124.0,151.58851025363532
2025-06-23,2025-08-04,SKU034,111.0,149.33109845709853
2025-06-23,2025-06-30,SKU035,148.0,166.15042679542682
2025-06-23,2025-07-07,SKU035,123.0,166.70544862082363
2025-06-23,2025-07-14,SKU035,132.0,158.53485789210796
2025-06-23,2025-07-21,SKU035,154.0,164.55079764679772
2025-06-23,2025-07-28,SKU035,137.0,159.0924886363637
2025-06-23,2025-08-04,SKU035,134.0,156.95727038239545
2025-06-23,2025-06-30,SKU036,33.0,37.23238426850928
2025-06-23,2025-07-07,SKU036,33.0,36.132354506604514
2025-06-23,2025-07-14,SKU036,37.0,39.865037157287155
2025-06-23,2025-07-21,SKU036,26.0,38.56196887834387
2025-06-23,2025-07-28,SKU036,33.0,38.518064657564636
2025-06-23,2025-08-04,SKU036,26.0,36.452024350649346
2025-06-23,2025-06-30,SKU037,188.0,189.1597388167389
2025-06-23,2025-07-07,SKU037,210.0,182.53845304695312
2025-06-23,2025-07-14,SKU037,182.0,182.30225105450106
2025-06-23,2025-07-21,SKU037,149.0,184.03778465978462
2025-06-23,2025-07-28,SKU037,143.0,183.83621404983907
2025-06-23,2025-08-04,SKU037,162.0,173.94936727161735
2025-06-23,2025-06-30,SKU038,57.0,66.51176319513822
2025-06-23,2025-07-07,SKU038,57.0,63.94715825840822
2025-06-23,2025-07-14,SKU038,59.0,66.18732529970032
2025-06-23,2025-07-21,SKU038,50.0,65.64862864912865
2025-06-23,2025-07-28,SKU038,45.0,64.61984473859475
2025-06-23,2025-08-04,SKU038,42.0,66.05216382228886
2025-06-23,2025-06-30,SKU039,19.0,28.163783424908434
2025-06-23,2025-07-07,SKU039,24.0,28.960337301587316
2025-06-23,2025-07-14,SKU039,18.0,31.50476262626262
2025-06-23,2025-07-21,SKU039,34.0,31.875097943722945
2025-06-23,2025-07-28,SKU039,23.0,31.76292316017316
2025-06-23,2025-08-04,SKU039,23.0,31.547880591630587
2025-06-23,2025-06-30,SKU040,117.0,121.81803986291482
2025-06-23,2025-07-07,SKU040,106.0,120.99142297979799
2025-06-23,2025-07-14,SKU040,99.0,119.95123412698413
2025-06-23,2025-07-21,SKU040,97.0,116.6082803030303
2025-06-23,2025-07-28,SKU040,108.0,122.19171951659446
2025-06-23,2025-08-04,SKU040,90.0,121.51799512987014
2025-06-23,2025-06-30,SKU041,79.0,82.03965422077923
2025-06-23,2025-07-07,SKU041,73.0,81.9684603174603
2025-06-23,2025-07-14,SKU041,93.0,83.08225036075034
2025-06-23,2025-07-21,SKU041,69.0,83.58624747474745
2025-06-23,2025-07-28,SKU041,63.0,79.37609036796536
2025-06-23,2025-08-04,SKU041,72.0,81.04349242424244
2025-06-23,2025-06-30,SKU042,163.0,175.8333520923522
2025-06-23,2025-07-07,SKU042,158.0,173.6980185786436
2025-06-23,2025-07-14,SKU042,161.0,171.8395717893218
2025-06-23,2025-07-21,SKU042,157.0,179.26945508658008
2025-06-23,2025-07-28,SKU042,167.0,171.27632575757573
2025-06-23,2025-08-04,SKU042,141.0,167.35400432900434
2025-06-23,2025-06-30,SKU043,155.0,172.06250381562884
2025-06-23,2025-07-07,SKU043,161.0,178.12262837162834
2025-06-23,2025-07-14,SKU043,161.0,171.17318437118445
2025-06-23,2025-07-21,SKU043,132.0,173.69929377566876
2025-06-23,2025-07-28,SKU043,149.0,175.27612728937726
2025-06-23,2025-08-04,SKU043,156.0,165.80097098734598
2025-06-23,2025-06-30,SKU044,61.0,73.38775000000001
2025-06-23,2025-07-07,SKU044,79.0,71.98076154401154
2025-06-23,2025-07-14,SKU044,72.0,76.10813564213565
2025-06-23,2025-07-21,SKU044,69.0,75.93890746753245
2025-06-23,2025-07-28,SKU044,65.0,68.84471427183928
2025-06-23,2025-08-04,SKU044,66.0,67.29660748973251
2025-06-23,2025-06-30,SKU045,160.0,189.53132498057502
2025-06-23,2025-07-07,SKU045,156.0,175.8862576035077
2025-06-23,2025-07-14,SKU045,187.0,180.8307497641248
2025-06-23,2025-07-21,SKU045,170.0,182.32829233266736
2025-06-23,2025-07-28,SKU045,149.0,181.64715581640584
2025-06-23,2025-08-04,SKU045,151.0,181.13041083916085
2025-06-23,2025-06-30,SKU046,55.0,67.32255826118326
2025-06-23,2025-07-07,SKU046,78.0,67.23412432012431
2025-06-23,2025-07-14,SKU046,74.0,65.78198276723278
2025-06-23,2025-07-21,SKU046,78.0,73.45846194083695
2025-06-23,2025-07-28,SKU046,51.0,67.50358283383285
2025-06-23,2025-08-04,SKU046,69.0,73.70541774891777
2025-06-23,2025-06-30,SKU047,110.0,117.84947059884557
2025-06-23,2025-07-07,SKU047,106.0,114.54945220057712
2025-06-23,2025-07-14,SKU047,105.0,115.17037536075033
2025-06-23,2025-07-21,SKU047,107.0,114.54889448051946
2025-06-23,2025-07-28,SKU047,120.0,114.87280393217893
2025-06-23,2025-08-04,SKU047,95.0,110.73638802863798
2025-06-23,2025-06-30,SKU048,50.0,66.80397587135084
2025-06-23,2025-07-07,SKU048,48.0,66.63920183982682
2025-06-23,2025-07-14,SKU048,52.0,65.04749567099569
2025-06-23,2025-07-21,SKU048,67.0,65.58999372849374
2025-06-23,2025-07-28,SKU048,43.0,64.6744673937174
2025-06-23,2025-08-04,SKU048,50.0,64.98864704739708
2025-06-23,2025-06-30,SKU049,156.0,186.13021410533912
2025-06-23,2025-07-07,SKU049,179.0,183.96846861471866
2025-06-23,2025-07-14,SKU049,171.0,189.7622007575759
2025-06-23,2025-07-21,SKU049,168.0,182.15300102675104
2025-06-23,2025-07-28,SKU049,158.0,181.9709187756688
2025-06-23,2025-08-04,SKU049,159.0,181.98305537518038
2025-06-23,2025-06-30,SKU050,44.0,59.331729090354095
2025-06-23,2025-07-07,SKU050,49.0,55.926948593073554
2025-06-23,2025-07-14,SKU050,53.0,56.252321067821065
2025-06-23,2025-07-21,SKU050,43.0,56.822516774891746
2025-06-23,2025-07-28,SKU050,36.0,63.149113997114
2025-06-23,2025-08-04,SKU050,35.0,62.883755411255436
2025-08-04,2025-08-11,SKU001,90.0,88.5065620490621
2025-08-04,2025-08-18,SKU001,91.0,88.78414926739929
2025-08-04,2025-08-25,SKU001,97.0,87.12634749972246
2025-08-04,2025-09-01,SKU001,88.0,86.85195880508375
2025-08-04,2025-09-08,SKU001,93.0,85.7376361000111
2025-08-04,2025-09-15,SKU001,88.0,89.09344165556662
2025-08-04,2025-08-11,SKU002,70.0,68.50641792929295
2025-08-04,2025-08-18,SKU002,70.0,67.68092550505052
2025-08-04,2025-08-25,SKU002,79.0,68.79603267565766
2025-08-04,2025-09-01,SKU002,62.0,68.3443553391053
2025-08-04,2025-09-08,SKU002,65.0,68.09674897324899
2025-08-04,2025-09-15,SKU002,79.0,67.79312595737595
2025-08-04,2025-08-11,SKU003,39.0,34.33613564213564
2025-08-04,2025-08-18,SKU003,34.0,35.42079797979798
2025-08-04,2025-08-25,SKU003,27.0,33.70525696525695
2025-08-04,2025-09-01,SKU003,34.0,35.06863618326119
2025-08-04,2025-09-08,SKU003,42.0,33.550971500721495
2025-08-04,2025-09-15,SKU003,39.0,31.85549918137419
2025-08-04,2025-08-11,SKU004,26.0,31.54080122655123
2025-08-04,2025-08-18,SKU004,18.0,30.50841283716285
2025-08-04,2025-08-25,SKU004,36.0,29.712036394161416
2025-08-04,2025-09-01,SKU004,38.0,30.556580142080147
2025-08-04,2025-09-08,SKU004,29.0,30.286850344100355
2025-08-04,2025-09-15,SKU004,26.0,30.70089498001998
2025-08-04,2025-08-11,SKU005,114.0,95.68332647907644
2025-08-04,2025-08-18,SKU005,95.0,106.03712987176226
2025-08-04,2025-08-25,SKU005,96.0,109.21008173933896
2025-08-04,2025-09-01,SKU005,95.0,107.04885185647682
2025-08-04,2025-09-08,SKU005,96.0,100.88537698412698
2025-08-04,2025-09-15,SKU005,89.0,95.89664736652239
2025-08-04,2025-08-11,SKU006,38.0,43.11358928571429
2025-08-04,2025-08-18,SKU006,42.0,41.78238672438673
2025-08-04,2025-08-25,SKU006,36.0,43.14928030303031
2025-08-04,2025-09-01,SKU006,43.0,41.75700955988458
2025-08-04,2025-09-08,SKU006,40.0,41.60273376623376
2025-08-04,2025-09-15,SKU006,45.0,40.97076035076034
2025-08-04,2025-08-11,SKU007,158.0,151.36621355033859
2025-08-04,2025-08-18,SKU007,146.0,152.05671141358644
2025-08-04,2025-08-25,SKU007,170.0,153.10065441502945
2025-08-04,2025-09-01,SKU007,152.0,153.32928373015872
2025-08-04,2025-09-08,SKU007,153.0,163.43948935786426
2025-08-04,2025-09-15,SKU007,162.0,152.0525423881674
2025-08-04,2025-08-11,SKU008,126.0,101.01912427849926
2025-08-04,2025-08-18,SKU008,89.0,105.31615875954107
2025-08-04,2025-08-25,SKU008,101.0,104.4161435231435
2025-08-04,2025-09-01,SKU008,92.0,104.4168864485188
2025-08-04,2025-09-08,SKU008,90.0,96.41249549062047
2025-08-04,2025-09-15,SKU008,87.0,91.76869444444452
2025-08-04,2025-08-11,SKU009,61.0,68.5185551948052
2025-08-04,2025-08-18,SKU009,69.0,68.70204136141636
2025-08-04,2025-08-25,SKU009,62.0,67.70901033688534
2025-08-04,2025-09-01,SKU009,71.0,68.44017032967032
2025-08-04,2025-09-08,SKU009,87.0,67.94213641913642
2025-08-04,2025-09-15,SKU009,70.0,67.83507310744811
2025-08-04,2025-08-11,SKU010,113.0,98.56392748917752
2025-08-04,2025-08-18,SKU010,100.0,95.4225614663115
2025-08-04,2025-08-25,SKU010,114.0,91.61154563492062
2025-08-04,2025-09-01,SKU010,104.0,91.1191587301587
2025-08-04,2025-09-08,SKU010,92.0,96.27433455433452
2025-08-04,2025-09-15,SKU010,114.0,97.63527106227102
2025-08-04,2025-08-11,SKU011,14.0,18.307098026973023
2025-08-04,2025-08-18,SKU011,24.0,19.001944083694084
2025-08-04,2025-08-25,SKU011,11.0,18.414476592851585
2025-08-04,2025-09-01,SKU011,16.0,19.82085221722722
2025-08-04,2025-09-08,SKU011,16.0,18.91824561549562
2025-08-04,2025-09-15,SKU011,16.0,20.377555597180592
2025-08-04,2025-08-11,SKU012,177.0,151.34214575702077
2025-08-04,2025-08-18,SKU012,178.0,158.35160822510815
2025-08-04,2025-08-25,SKU012,171.0,164.13411453823952
2025-08-04,2025-09-01,SKU012,180.0,154.093591991342
2025-08-04,2025-09-08,SKU012,160.0,156.14920129870129
2025-08-04,2025-09-15,SKU012,171.0,154.51302940115443
2025-08-04,2025-08-11,SKU013,106.0,80.2711636141636
2025-08-04,2025-08-18,SKU013,96.0,82.86313214563212
2025-08-04,2025-08-25,SKU013,84.0,85.57843038905534
2025-08-04,2025-09-01,SKU013,99.0,83.59133795371294
2025-08-04,2025-09-08,SKU013,105.0,85.08159318459316
2025-08-04,2025-09-15,SKU013,82.0,86.04949550449547
2025-08-04,2025-08-11,SKU014,123.0,122.4810185786436
2025-08-04,2025-08-18,SKU014,131.0,120.94816486291482
2025-08-04,2025-08-25,SKU014,157.0,125.14806295093794
2025-08-04,2025-09-01,SKU014,127.0,127.48031419968923
2025-08-04,2025-09-08,SKU014,151.0,129.70821120546123
2025-08-04,2025-09-15,SKU014,140.0,128.54306313131318
2025-08-04,2025-08-11,SKU015,27.0,25.929955058830064
2025-08-04,2025-08-18,SKU015,26.0,26.712990051615055
2025-08-04,2025-08-25,SKU015,28.0,26.744809523809533
2025-08-04,2025-09-01,SKU015,28.0,24.159269716394714
2025-08-04,2025-09-08,SKU015,24.0,23.913456890331894
2025-08-04,2025-09-15,SKU015,23.0,23.10836865911866
2025-08-04,2025-08-11,SKU016,85.0,86.7919278083028
2025-08-04,2025-08-18,SKU016,90.0,82.87197456709957
2025-08-04,2025-08-25,SKU016,85.0,86.0656404290154
2025-08-04,2025-09-01,SKU016,66.0,86.65404699467196
2025-08-04,2025-09-08,SKU016,78.0,84.1137501942502
2025-08-04,2025-09-15,SKU016,76.0,86.1468393967144
2025-08-04,2025-08-11,SKU017,85.0,81.49802734765235
2025-08-04,2025-08-18,SKU017,85.0,84.93987060162057
2025-08-04,2025-08-25,SKU017,78.0,84.68096502108997
2025-08-04,2025-09-01,SKU017,71.0,85.36955278055275
2025-08-04,2025-09-08,SKU017,77.0,85.4542469474969
2025-08-04,2025-09-15,SKU017,83.0,85.74045203407701
2025-08-04,2025-08-11,SKU018,146.0,154.64103391053385
2025-08-04,2025-08-18,SKU018,151.0,158.4399375901875
2025-08-04,2025-08-25,SKU018,161.0,162.49077380952372
2025-08-04,2025-09-01,SKU018,150.0,153.20396825396818
2025-08-04,2025-09-08,SKU018,155.0,153.15130230880231
2025-08-04,2025-09-15,SKU018,148.0,155.74800162337658
2025-08-04,2025-08-11,SKU019,106.0,98.12728445165948
2025-08-04,2025-08-18,SKU019,109.0,100.45816684704182
2025-08-04,2025-08-25,SKU019,93.0,96.92610461760464
2025-08-04,2025-09-01,SKU019,103.0,94.96070508658013
2025-08-04,2025-09-08,SKU019,76.0,99.45771442446444
2025-08-04,2025-09-15,SKU019,100.0,91.76823859473863
2025-08-04,2025-08-11,SKU020,87.0,84.75991923354422
2025-08-04,2025-08-18,SKU020,99.0,82.90459358696859
2025-08-04,2025-08-25,SKU020,74.0,86.08105241980238
2025-08-04,2025-09-01,SKU020,97.0,86.4149271284271
2025-08-04,2025-09-08,SKU020,91.0,82.23122043234542
2025-08-04,2025-09-15,SKU020,79.0,85.47808731546228
2025-08-04,2025-08-11,SKU021,54.0,67.34724231324228
2025-08-04,2025-08-18,SKU021,60.0,59.99027289377293
2025-08-04,2025-08-25,SKU021,43.0,56.12185477022977
2025-08-04,2025-09-01,SKU021,47.0,61.26614066489067
2025-08-04,2025-09-08,SKU021,55.0,60.327748362748345
2025-08-04,2025-09-15,SKU021,55.0,62.9598906787657
2025-08-04,2025-08-11,SKU022,64.0,68.1629182900433
2025-08-04,2025-08-18,SKU022,69.0,70.3638519119769
2025-08-04,2025-08-25,SKU022,49.0,66.84459691697192
2025-08-04,2025-09-01,SKU022,55.0,66.62263263125764
2025-08-04,2025-09-08,SKU022,67.0,69.66309835997338
2025-08-04,2025-09-15,SKU022,60.0,65.04100095737596
2025-08-04,2025-08-11,SKU023,102.0,94.20834812409811
2025-08-04,2025-08-18,SKU023,95.0,92.23753228715735
2025-08-04,2025-08-25,SKU023,82.0,90.74639732489739
2025-08-04,2025-09-01,SKU023,76.0,89.48192997280498
2025-08-04,2025-09-08,SKU023,53.0,90.18068470418467
2025-08-04,2025-09-15,SKU023,111.0,90.04540494227989
2025-08-04,2025-08-11,SKU024,83.0,83.49480809468307
2025-08-04,2025-08-18,SKU024,69.0,83.60929105616604
2025-08-04,2025-08-25,SKU024,93.0,83.46076100288599
2025-08-04,2025-09-01,SKU024,104.0,82.8854583472083
2025-08-04,2025-09-08,SKU024,79.0,82.51642858530353
2025-08-04,2025-09-15,SKU024,84.0,80.41554943667437
2025-08-04,2025-08-11,SKU025,13.0,18.24155916305916
2025-08-04,2025-08-18,SKU025,18.0,17.84127132589633
2025-08-04,2025-08-25,SKU025,22.0,18.73379387279387
2025-08-04,2025-09-01,SKU025,17.0,21.34615656565656
2025-08-04,2025-09-08,SKU025,16.0,18.57484626484627
2025-08-04,2025-09-15,SKU025,16.0,20.090250582750574
2025-08-04,2025-08-11,SKU026,128.0,149.89549134199143
2025-08-04,2025-08-18,SKU026,123.0,148.48472150072155
2025-08-04,2025-08-25,SKU026,129.0,147.14221482683982
2025-08-04,2025-09-01,SKU026,153.0,149.139873917749
2025-08-04,2025-09-08,SKU026,124.0,150.14801010101016
2025-08-04,2025-09-15,SKU026,138.0,142.4459468170718
2025-08-04,2025-08-11,SKU027,146.0,149.7852225829726
2025-08-04,2025-08-18,SKU027,145.0,153.7628405483405
2025-08-04,2025-08-25,SKU027,138.0,151.44528950216448
2025-08-04,2025-09-01,SKU027,167.0,143.9965946553447
2025-08-04,2025-09-08,SKU027,143.0,142.9012931096681
2025-08-04,2025-09-15,SKU027,158.0,147.30114811577315
2025-08-04,2025-08-11,SKU028,31.0,35.650656565656575
2025-08-04,2025-08-18,SKU028,27.0,34.12423694361195
2025-08-04,2025-08-25,SKU028,45.0,34.6214871933622
2025-08-04,2025-09-01,SKU028,35.0,34.868355339105364
2025-08-04,2025-09-08,SKU028,36.0,32.23120183982684
2025-08-04,2025-09-15,SKU028,34.0,35.202814754689776
2025-08-04,2025-08-11,SKU029,113.0,101.37016498778996
2025-08-04,2025-08-18,SKU029,114.0,99.00102182539683
2025-08-04,2025-08-25,SKU029,103.0,94.58558184870688
2025-08-04,2025-09-01,SKU029,90.0,101.72182102619603
2025-08-04,2025-09-08,SKU029,89.0,96.96513469863469
2025-08-04,2025-09-15,SKU029,105.0,92.86701042013549
2025-08-04,2025-08-11,SKU030,28.0,31.507978438228434
2025-08-04,2025-08-18,SKU030,36.0,30.791547799422787
2025-08-04,2025-08-25,SKU030,32.0,30.226473998223994
2025-08-04,2025-09-01,SKU030,26.0,30.895737637362643
2025-08-04,2025-09-08,SKU030,34.0,30.12856150793651
2025-08-04,2025-09-15,SKU030,32.0,30.355671051171054
2025-08-04,2025-08-11,SKU031,136.0,121.86093253968266
2025-08-04,2025-08-18,SKU031,111.0,115.43840818903321
2025-08-04,2025-08-25,SKU031,123.0,120.20875901875901
2025-08-04,2025-09-01,SKU031,118.0,111.38900180375187
2025-08-04,2025-09-08,SKU031,125.0,121.41178607503609
2025-08-04,2025-09-15,SKU031,118.0,114.48288979076466
2025-08-04,2025-08-11,SKU032,65.0,55.45209376734377
2025-08-04,2025-08-18,SKU032,51.0,58.990418262293275
2025-08-04,2025-08-25,SKU032,55.0,62.95105877455876
2025-08-04,2025-09-01,SKU032,48.0,54.8746424963925
2025-08-04,2025-09-08,SKU032,76.0,54.963007575757594
2025-08-04,2025-09-15,SKU032,57.0,67.35286334498832
2025-08-04,2025-08-11,SKU033,96.0,108.71930844155843
2025-08-04,2025-08-18,SKU033,113.0,105.37119011544013
2025-08-04,2025-08-25,SKU033,115.0,103.9699290570541
2025-08-04,2025-09-01,SKU033,97.0,104.18105026917529
2025-08-04,2025-09-08,SKU033,126.0,105.69805838605838
2025-08-04,2025-09-15,SKU033,110.0,101.10738834776335
2025-08-04,2025-08-11,SKU034,135.0,121.52631060606063
2025-08-04,2025-08-18,SKU034,103.0,115.03367279942282
2025-08-04,2025-08-25,SKU034,138.0,114.97452687590192
2025-08-04,2025-09-01,SKU034,150.0,109.79394444444436
2025-08-04,2025-09-08,SKU034,115.0,126.15712987012985
2025-08-04,2025-09-15,SKU034,110.0,128.2378131313132
2025-08-04,2025-08-11,SKU035,146.0,134.26908891108877
2025-08-04,2025-08-18,SKU035,117.0,128.31887608225105
2025-08-04,2025-08-25,SKU035,132.0,130.78227343489834
2025-08-04,2025-09-01,SKU035,147.0,124.88635443722946
2025-08-04,2025-09-08,SKU035,119.0,126.17989049839056
2025-08-04,2025-09-15,SKU035,138.0,127.49824098124101
2025-08-04,2025-08-11,SKU036,22.0,32.54960485347986
2025-08-04,2025-08-18,SKU036,27.0,29.647877802752813
2025-08-04,2025-08-25,SKU036,43.0,30.429690739815747
2025-08-04,2025-09-01,SKU036,28.0,30.954847277722273
2025-08-04,2025-09-08,SKU036,26.0,29.932027472527484
2025-08-04,2025-09-15,SKU036,35.0,30.530426004551014
2025-08-04,2025-08-11,SKU037,146.0,154.37869193306696
2025-08-04,2025-08-18,SKU037,170.0,148.73006114718615
2025-08-04,2025-08-25,SKU037,171.0,150.91339610389613
2025-08-04,2025-09-01,SKU037,133.0,153.50767045454543
2025-08-04,2025-09-08,SKU037,154.0,150.10596626984128
2025-08-04,2025-09-15,SKU037,165.0,156.8001787518037
2025-08-04,2025-08-11,SKU038,60.0,47.0654419053169
2025-08-04,2025-08-18,SKU038,47.0,45.63587787212785
2025-08-04,2025-08-25,SKU038,49.0,46.72752958152957
2025-08-04,2025-09-01,SKU038,48.0,45.945988636363616
2025-08-04,2025-09-08,SKU038,47.0,45.769430735930726
2025-08-04,2025-09-15,SKU038,40.0,43.351697538572516
2025-08-04,2025-08-11,SKU039,20.0,23.823648740148748
2025-08-04,2025-08-18,SKU039,18.0,23.993384559884568
2025-08-04,2025-08-25,SKU039,13.0,24.479015151515163
2025-08-04,2025-09-01,SKU039,17.0,23.17450011100012
2025-08-04,2025-09-08,SKU039,20.0,24.850018190143192
2025-08-04,2025-09-15,SKU039,18.0,24.98853099678099
2025-08-04,2025-08-11,SKU040,92.0,101.48951234876239
2025-08-04,2025-08-18,SKU040,110.0,102.47334140859141
2025-08-04,2025-08-25,SKU040,99.0,92.84944534632032
2025-08-04,2025-09-01,SKU040,105.0,92.74111309523809
2025-08-04,2025-09-08,SKU040,106.0,98.98692131479635
2025-08-04,2025-09-15,SKU040,109.0,91.08643704906204
2025-08-04,2025-08-11,SKU041,81.0,70.8318051046176
2025-08-04,2025-08-18,SKU041,66.0,68.05501966089464
2025-08-04,2025-08-25,SKU041,80.0,71.01069791319789
2025-08-04,2025-09-01,SKU041,72.0,63.07323502886003
2025-08-04,2025-09-08,SKU041,58.0,66.50901581751583
2025-08-04,2025-09-15,SKU041,66.0,69.1707309218559
2025-08-04,2025-08-11,SKU042,142.0,147.6559583333334
2025-08-04,2025-08-18,SKU042,154.0,144.90737301587308
2025-08-04,2025-08-25,SKU042,162.0,148.017948953824
2025-08-04,2025-09-01,SKU042,146.0,147.10284108946615
2025-08-04,2025-09-08,SKU042,149.0,142.94514822677328
2025-08-04,2025-09-15,SKU042,169.0,146.32480626318127
2025-08-04,2025-08-11,SKU043,142.0,146.13910533910533
2025-08-04,2025-08-18,SKU043,130.0,142.32352056277063
2025-08-04,2025-08-25,SKU043,139.0,145.27664628427135
2025-08-04,2025-09-01,SKU043,133.0,148.2723971861473
2025-08-04,2025-09-08,SKU043,143.0,142.23363163225665
2025-08-04,2025-09-15,SKU043,143.0,143.9250043151293
2025-08-04,2025-08-11,SKU044,61.0,68.53647027972029
2025-08-04,2025-08-18,SKU044,70.0,66.77928757353759
2025-08-04,2025-08-25,SKU044,51.0,68.83458824508826
2025-08-04,2025-09-01,SKU044,56.0,64.78986098623598
2025-08-04,2025-09-08,SKU044,61.0,62.69258932733932
2025-08-04,2025-09-15,SKU044,47.0,63.87468757631255
2025-08-04,2025-08-11,SKU045,155.0,170.32982292707288
2025-08-04,2025-08-18,SKU045,159.0,151.41343253968256
2025-08-04,2025-08-25,SKU045,138.0,153.23251731601732
2025-08-04,2025-09-01,SKU045,163.0,152.70440674603174
2025-08-04,2025-09-08,SKU045,171.0,152.97183406870911
2025-08-04,2025-09-15,SKU045,147.0,147.70768127705634
2025-08-04,2025-08-11,SKU046,64.0,66.34242933455434
2025-08-04,2025-08-18,SKU046,54.0,63.291169871794885
2025-08-04,2025-08-25,SKU046,58.0,55.76167980630483
2025-08-04,2025-09-01,SKU046,53.0,61.44390420690424
2025-08-04,2025-09-08,SKU046,56.0,59.80531582306582
2025-08-04,2025-09-15,SKU046,61.0,64.31592658730159
2025-08-04,2025-08-11,SKU047,101.0,92.55767604617606
2025-08-04,2025-08-18,SKU047,86.0,93.88045544733048
2025-08-04,2025-08-25,SKU047,92.0,99.16908189033187
2025-08-04,2025-09-01,SKU047,103.0,90.63322470584968
2025-08-04,2025-09-08,SKU047,78.0,87.9045131257631
2025-08-04,2025-09-15,SKU047,87.0,88.25945013320012
2025-08-04,2025-08-11,SKU048,35.0,48.73274260461761
2025-08-04,2025-08-18,SKU048,45.0,51.93752687590187
2025-08-04,2025-08-25,SKU048,60.0,50.59346309246311
2025-08-04,2025-09-01,SKU048,57.0,47.71841755466753
2025-08-04,2025-09-08,SKU048,58.0,47.99240043290044
2025-08-04,2025-09-15,SKU048,54.0,47.253717712842715
2025-08-04,2025-08-11,SKU049,163.0,150.84449279886778
2025-08-04,2025-08-18,SKU049,145.0,151.85409217171724
2025-08-04,2025-08-25,SKU049,159.0,153.09647330447334
2025-08-04,2025-09-01,SKU049,152.0,153.07727759740266
2025-08-04,2025-09-08,SKU049,167.0,157.32773701298697
2025-08-04,2025-09-15,SKU049,158.0,151.92771861471866
2025-08-04,2025-08-11,SKU050,43.0,42.238084595959606
2025-08-04,2025-08-18,SKU050,35.0,36.71640333277832
2025-08-04,2025-08-25,SKU050,34.0,34.101526626151625
2025-08-04,2025-09-01,SKU050,29.0,34.03071511821512
2025-08-04,2025-09-08,SKU050,33.0,37.08090295815296
2025-08-04,2025-09-15,SKU050,30.0,34.51925162337662
2025-09-15,2025-09-22,SKU001,86.0,95.27694021256521
2025-09-15,2025-09-29,SKU001,83.0,92.05260872460873
2025-09-15,2025-10-06,SKU001,82.0,93.92277106227104
2025-09-15,2025-10-13,SKU001,82.0,96.33057156732151
2025-09-15,2025-10-20,SKU001,78.0,98.4960283189033
2025-09-15,2025-10-27,SKU001,93.0,97.20014245476743
2025-09-15,2025-09-22,SKU002,60.0,64.3214478715729
2025-09-15,2025-09-29,SKU002,63.0,69.280064033189
2025-09-15,2025-10-06,SKU002,56.0,66.08608513708516
2025-09-15,2025-10-13,SKU002,59.0,70.30152038239537
2025-09-15,2025-10-20,SKU002,51.0,69.66917207792207
2025-09-15,2025-10-27,SKU002,70.0,67.73227759740261
2025-09-15,2025-09-22,SKU003,42.0,34.005351551226546
2025-09-15,2025-09-29,SKU003,43.0,35.24261994949496
2025-09-15,2025-10-06,SKU003,33.0,36.307989898989916
2025-09-15,2025-10-13,SKU003,26.0,36.327983405483415
2025-09-15,2025-10-20,SKU003,34.0,34.21386922799423
2025-09-15,2025-10-27,SKU003,41.0,34.48543957431458
2025-09-15,2025-09-22,SKU004,28.0,32.249223332223345
2025-09-15,2025-09-29,SKU004,23.0,33.649284021534015
2025-09-15,2025-10-06,SKU004,28.0,31.26316720779222
2025-09-15,2025-10-13,SKU004,24.0,29.916448412698404
2025-09-15,2025-10-20,SKU004,24.0,31.75107488344989
2025-09-15,2025-10-27,SKU004,32.0,31.536454725829707
2025-09-15,2025-09-22,SKU005,108.0,95.09359668109666
2025-09-15,2025-09-29,SKU005,97.0,93.85537752525254
2025-09-15,2025-10-06,SKU005,107.0,98.28438293650794
2025-09-15,2025-10-13,SKU005,105.0,99.04539353701857
2025-09-15,2025-10-20,SKU005,98.0,99.87129563492066
2025-09-15,2025-10-27,SKU005,104.0,103.7355014430014
2025-09-15,2025-09-22,SKU006,48.0,42.10473665223666
2025-09-15,2025-09-29,SKU006,43.0,42.537764610389615
2025-09-15,2025-10-06,SKU006,38.0,41.087463203463216
2025-09-15,2025-10-13,SKU006,29.0,41.606238997114
2025-09-15,2025-10-20,SKU006,34.0,41.47530699855699
2025-09-15,2025-10-27,SKU006,36.0,41.042533189033186
2025-09-15,2025-09-22,SKU007,171.0,165.03827500277504
2025-09-15,2025-09-29,SKU007,129.0,153.3278336940837
2025-09-15,2025-10-06,SKU007,149.0,155.7458782467533
2025-09-15,2025-10-13,SKU007,158.0,153.55453318903324
2025-09-15,2025-10-20,SKU007,131.0,156.7212700216451
2025-09-15,2025-10-27,SKU007,152.0,161.07372204184702
2025-09-15,2025-09-22,SKU008,93.0,90.91851726051723
2025-09-15,2025-09-29,SKU008,98.0,92.67234031246531
2025-09-15,2025-10-06,SKU008,88.0,93.45677142302142
2025-09-15,2025-10-13,SKU008,115.0,95.28876924464421
2025-09-15,2025-10-20,SKU008,81.0,98.96659952547448
2025-09-15,2025-10-27,SKU008,100.0,99.35304996392493
2025-09-15,2025-09-22,SKU009,69.0,65.14617346542346
2025-09-15,2025-09-29,SKU009,58.0,68.74285617160618
2025-09-15,2025-10-06,SKU009,51.0,64.69223647186149
2025-09-15,2025-10-13,SKU009,63.0,65.76516702741701
2025-09-15,2025-10-20,SKU009,52.0,66.3422419247419
2025-09-15,2025-10-27,SKU009,78.0,62.861226370851384
2025-09-15,2025-09-22,SKU010,100.0,105.34488077200575
2025-09-15,2025-09-29,SKU010,79.0,101.0317642496393
2025-09-15,2025-10-06,SKU010,83.0,96.58299783549778
2025-09-15,2025-10-13,SKU010,96.0,97.7946495310245
2025-09-15,2025-10-20,SKU010,86.0,99.93056110556114
2025-09-15,2025-10-27,SKU010,120.0,101.73331890331887
2025-09-15,2025-09-22,SKU011,11.0,18.68108698246199
2025-09-15,2025-09-29,SKU011,28.0,18.014633449883455
2025-09-15,2025-10-06,SKU011,16.0,18.727111818736827
2025-09-15,2025-10-13,SKU011,11.0,18.440713411588426
2025-09-15,2025-10-20,SKU011,18.0,17.856609168609168
2025-09-15,2025-10-27,SKU011,19.0,18.342465548340552
2025-09-15,2025-09-22,SKU012,150.0,167.80597943722947
2025-09-15,2025-09-29,SKU012,136.0,157.3591013708513
2025-09-15,2025-10-06,SKU012,140.0,157.021167929293
2025-09-15,2025-10-13,SKU012,128.0,154.94819480519485
2025-09-15,2025-10-20,SKU012,141.0,155.8284464285715
2025-09-15,2025-10-27,SKU012,151.0,166.6603434343434
2025-09-15,2025-09-22,SKU013,82.0,89.53934575147068
2025-09-15,2025-09-29,SKU013,96.0,91.82387606837607
2025-09-15,2025-10-06,SKU013,87.0,94.00566752691755
2025-09-15,2025-10-13,SKU013,61.0,93.59780787268284
2025-09-15,2025-10-20,SKU013,69.0,95.76639678377173
2025-09-15,2025-10-27,SKU013,79.0,98.08541031191027
2025-09-15,2025-09-22,SKU014,132.0,146.9891497113997
2025-09-15,2025-09-29,SKU014,123.0,134.0031884920635
2025-09-15,2025-10-06,SKU014,122.0,140.9943775252526
2025-09-15,2025-10-13,SKU014,120.0,141.05781042568543
2025-09-15,2025-10-20,SKU014,133.0,143.51338437950938
2025-09-15,2025-10-27,SKU014,127.0,149.34677669552667
2025-09-15,2025-09-22,SKU015,28.0,21.698403138528146
2025-09-15,2025-09-29,SKU015,19.0,23.250693542568552
2025-09-15,2025-10-06,SKU015,16.0,22.221101370851372
2025-09-15,2025-10-13,SKU015,21.0,19.26400883838384
2025-09-15,2025-10-20,SKU015,21.0,19.0187224025974
2025-09-15,2025-10-27,SKU015,17.0,18.920583694083692
2025-09-15,2025-09-22,SKU016,78.0,87.09290638528141
2025-09-15,2025-09-29,SKU016,72.0,84.82002272727273
2025-09-15,2025-10-06,SKU016,84.0,85.89368921356424
2025-09-15,2025-10-13,SKU016,86.0,90.28812211399712
2025-09-15,2025-10-20,SKU016,73.0,88.61966536241533
2025-09-15,2025-10-27,SKU016,109.0,89.29776966089459
2025-09-15,2025-09-22,SKU017,90.0,84.7569017510267
2025-09-15,2025-09-29,SKU017,75.0,81.5605524891775
2025-09-15,2025-10-06,SKU017,76.0,82.52840931290935
2025-09-15,2025-10-13,SKU017,84.0,86.25855158730155
2025-09-15,2025-10-20,SKU017,61.0,86.40742063492058
2025-09-15,2025-10-27,SKU017,83.0,88.17759451659444
2025-09-15,2025-09-22,SKU018,146.0,158.7261976911977
2025-09-15,2025-09-29,SKU018,138.0,155.071064033189
2025-09-15,2025-10-06,SKU018,154.0,157.85369985569983
2025-09-15,2025-10-13,SKU018,141.0,155.40625180375181
2025-09-15,2025-10-20,SKU018,135.0,157.54800793650801
2025-09-15,2025-10-27,SKU018,166.0,162.38204653679654
2025-09-15,2025-09-22,SKU019,105.0,94.1956648074148
2025-09-15,2025-09-29,SKU019,83.0,93.59455050505048
2025-09-15,2025-10-06,SKU019,92.0,95.67069918969918
2025-09-15,2025-10-13,SKU019,96.0,98.01438379675885
2025-09-15,2025-10-20,SKU019,84.0,98.11077376789879
2025-09-15,2025-10-27,SKU019,91.0,99.7531810966811
2025-09-15,2025-09-22,SKU020,86.0,84.05212594350095
2025-09-15,2025-09-29,SKU020,75.0,85.13382485569986
2025-09-15,2025-10-06,SKU020,107.0,88.26145115995115
2025-09-15,2025-10-13,SKU020,74.0,90.8900682373182
2025-09-15,2025-10-20,SKU020,88.0,90.69571857309356
2025-09-15,2025-10-27,SKU020,101.0,90.0398798285048
2025-09-15,2025-09-22,SKU021,53.0,55.889041763791774
2025-09-15,2025-09-29,SKU021,35.0,57.54657213619713
2025-09-15,2025-10-06,SKU021,48.0,56.03369116994118
2025-09-15,2025-10-13,SKU021,65.0,56.344622086247085
2025-09-15,2025-10-20,SKU021,44.0,55.92848319735818
2025-09-15,2025-10-27,SKU021,58.0,55.6830604256854
2025-09-15,2025-09-22,SKU022,61.0,64.13278373015878
2025-09-15,2025-09-29,SKU022,50.0,54.98621861471864
2025-09-15,2025-10-06,SKU022,54.0,59.32246031746032
2025-09-15,2025-10-13,SKU022,58.0,58.653483946608986
2025-09-15,2025-10-20,SKU022,51.0,62.12329978354981
2025-09-15,2025-10-27,SKU022,62.0,56.022600288600295
2025-09-15,2025-09-22,SKU023,90.0,86.58163437950934
2025-09-15,2025-09-29,SKU023,89.0,85.18913564213562
2025-09-15,2025-10-06,SKU023,80.0,89.63112684537683
2025-09-15,2025-10-13,SKU023,74.0,98.51445342157838
2025-09-15,2025-10-20,SKU023,91.0,96.12852393439891
2025-09-15,2025-10-27,SKU023,84.0,96.66431308968801
2025-09-15,2025-09-22,SKU024,80.0,88.33679251304252
2025-09-15,2025-09-29,SKU024,69.0,84.90379130591627
2025-09-15,2025-10-06,SKU024,65.0,84.58536836774334
2025-09-15,2025-10-13,SKU024,75.0,86.44873683261187
2025-09-15,2025-10-20,SKU024,82.0,89.45771608946606
2025-09-15,2025-10-27,SKU024,83.0,92.20279595404591
2025-09-15,2025-09-22,SKU025,21.0,16.188157772782763
2025-09-15,2025-09-29,SKU025,12.0,19.32236061161062
2025-09-15,2025-10-06,SKU025,13.0,19.131612179487178
2025-09-15,2025-10-13,SKU025,17.0,20.6318077061827
2025-09-15,2025-10-20,SKU025,17.0,17.789147033522035
2025-09-15,2025-10-27,SKU025,20.0,19.03594696969697
2025-09-15,2025-09-22,SKU026,132.0,139.4127595598845
2025-09-15,2025-09-29,SKU026,114.0,139.70491468253968
2025-09-15,2025-10-06,SKU026,135.0,143.95143181818182
2025-09-15,2025-10-13,SKU026,138.0,147.290174062049
2025-09-15,2025-10-20,SKU026,124.0,147.56268326118322
2025-09-15,2025-10-27,SKU026,141.0,146.7231152597402
2025-09-15,2025-09-22,SKU027,150.0,154.99396103896098
2025-09-15,2025-09-29,SKU027,151.0,156.00411904761907
2025-09-15,2025-10-06,SKU027,149.0,156.7365966810967
2025-09-15,2025-10-13,SKU027,127.0,153.40137500000003
2025-09-15,2025-10-20,SKU027,130.0,161.40753986291486
2025-09-15,2025-10-27,SKU027,136.0,155.93671198246201
2025-09-15,2025-09-22,SKU028,30.0,35.68780437617939
2025-09-15,2025-09-29,SKU028,18.0,34.278806998557
2025-09-15,2025-10-06,SKU028,31.0,33.77535407647908
2025-09-15,2025-10-13,SKU028,32.0,33.86493542568543
2025-09-15,2025-10-20,SKU028,30.0,33.372009199134204
2025-09-15,2025-10-27,SKU028,31.0,33.0047812049062
2025-09-15,2025-09-22,SKU029,86.0,96.07430447330448
2025-09-15,2025-09-29,SKU029,78.0,94.77218795093792
2025-09-15,2025-10-06,SKU029,92.0,98.28737229437229
2025-09-15,2025-10-13,SKU029,85.0,97.82111291486294
2025-09-15,2025-10-20,SKU029,98.0,99.86662734487733
2025-09-15,2025-10-27,SKU029,104.0,98.03663546176041
2025-09-15,2025-09-22,SKU030,41.0,31.011130022755
2025-09-15,2025-09-29,SKU030,27.0,28.81264896214896
2025-09-15,2025-10-06,SKU030,25.0,31.13393253968254
2025-09-15,2025-10-13,SKU030,32.0,31.46318756243756
2025-09-15,2025-10-20,SKU030,27.0,30.532739149739154
2025-09-15,2025-10-27,SKU030,28.0,30.07501332001333
2025-09-15,2025-09-22,SKU031,112.0,118.35087355699854
2025-09-15,2025-09-29,SKU031,107.0,113.31737463924959
2025-09-15,2025-10-06,SKU031,109.0,110.93809253246756
2025-09-15,2025-10-13,SKU031,120.0,105.81385535298037
2025-09-15,2025-10-20,SKU031,114.0,104.70055706793205
2025-09-15,2025-10-27,SKU031,110.0,111.73107936507935
2025-09-15,2025-09-22,SKU032,60.0,59.11636435786434
2025-09-15,2025-09-29,SKU032,44.0,55.99686345598849
2025-09-15,2025-10-06,SKU032,50.0,57.346725182497245
2025-09-15,2025-10-13,SKU032,48.0,58.75420405982905
2025-09-15,2025-10-20,SKU032,52.0,60.45202002164501
2025-09-15,2025-10-27,SKU032,67.0,56.569064574314574
2025-09-15,2025-09-22,SKU033,125.0,107.23676505439005
2025-09-15,2025-09-29,SKU033,102.0,103.16576930014435
2025-09-15,2025-10-06,SKU033,88.0,95.50249494949492
2025-09-15,2025-10-13,SKU033,100.0,95.45648273948277
2025-09-15,2025-10-20,SKU033,95.0,100.35664033189032
2025-09-15,2025-10-27,SKU033,95.0,101.93113708513707
2025-09-15,2025-09-22,SKU034,148.0,126.1782295759796
2025-09-15,2025-09-29,SKU034,106.0,124.92767803030303
2025-09-15,2025-10-06,SKU034,97.0,109.44338870851372
2025-09-15,2025-10-13,SKU034,115.0,114.94163924963921
2025-09-15,2025-10-20,SKU034,101.0,119.30167911255414
2025-09-15,2025-10-27,SKU034,122.0,125.8762139388389
2025-09-15,2025-09-22,SKU035,123.0,140.15694047619044
2025-09-15,2025-09-29,SKU035,134.0,134.56010569985568
2025-09-15,2025-10-06,SKU035,108.0,130.25438834776332
2025-09-15,2025-10-13,SKU035,129.0,141.05536381673883
2025-09-15,2025-10-20,SKU035,135.0,134.59393199855697
2025-09-15,2025-10-27,SKU035,117.0,139.53637806637806
2025-09-15,2025-09-22,SKU036,27.0,34.75568893606393
2025-09-15,2025-09-29,SKU036,33.0,30.044915223665228
2025-09-15,2025-10-06,SKU036,19.0,29.780003968253954
2025-09-15,2025-10-13,SKU036,19.0,33.23183621933621
2025-09-15,2025-10-20,SKU036,34.0,31.682718614718606
2025-09-15,2025-10-27,SKU036,29.0,30.172896825396816
2025-09-15,2025-09-22,SKU037,157.0,158.4572108585859
2025-09-15,2025-09-29,SKU037,140.0,156.53878012265514
2025-09-15,2025-10-06,SKU037,128.0,156.72545165945175
2025-09-15,2025-10-13,SKU037,147.0,154.01699458874464
2025-09-15,2025-10-20,SKU037,139.0,157.2113457792209
2025-09-15,2025-10-27,SKU037,154.0,158.54093434343432
2025-09-15,2025-09-22,SKU038,49.0,44.00212483349982
2025-09-15,2025-09-29,SKU038,40.0,40.48542893217894
2025-09-15,2025-10-06,SKU038,48.0,40.99140440115441
2025-09-15,2025-10-13,SKU038,44.0,45.014802669552665
2025-09-15,2025-10-20,SKU038,44.0,43.16666305916305
2025-09-15,2025-10-27,SKU038,37.0,47.40253826728827
2025-09-15,2025-09-22,SKU039,25.0,18.593802614052617
2025-09-15,2025-09-29,SKU039,26.0,17.555029387279387
2025-09-15,2025-10-06,SKU039,17.0,16.506098831723833
2025-09-15,2025-10-13,SKU039,16.0,17.84993978243978
2025-09-15,2025-10-20,SKU039,19.0,17.557016983016986
2025-09-15,2025-10-27,SKU039,18.0,18.357706196581198
2025-09-15,2025-09-22,SKU040,87.0,97.65542586580086
2025-09-15,2025-09-29,SKU040,76.0,96.0569442640692
2025-09-15,2025-10-06,SKU040,82.0,98.97237139249638
2025-09-15,2025-10-13,SKU040,81.0,100.52839227439227
2025-09-15,2025-10-20,SKU040,91.0,100.78383257020754
2025-09-15,2025-10-27,SKU040,103.0,99.85458134920631
2025-09-15,2025-09-22,SKU041,62.0,64.879181998557
2025-09-15,2025-09-29,SKU041,67.0,63.68423430735932
2025-09-15,2025-10-06,SKU041,54.0,71.10189357864361
2025-09-15,2025-10-13,SKU041,62.0,65.38033134920636
2025-09-15,2025-10-20,SKU041,52.0,62.46431425518924
2025-09-15,2025-10-27,SKU041,67.0,64.51412107337106
2025-09-15,2025-09-22,SKU042,123.0,156.20803409090917
2025-09-15,2025-09-29,SKU042,132.0,153.99243235930737
2025-09-15,2025-10-06,SKU042,137.0,155.53828264790764
2025-09-15,2025-10-13,SKU042,138.0,155.00020689033192
2025-09-15,2025-10-20,SKU042,117.0,155.9695721500722
2025-09-15,2025-10-27,SKU042,134.0,158.62233603896112
2025-09-15,2025-09-22,SKU043,121.0,143.5988964646465
2025-09-15,2025-09-29,SKU043,115.0,144.37535082972582
2025-09-15,2025-10-06,SKU043,125.0,139.59502976190475
2025-09-15,2025-10-13,SKU043,123.0,141.39690891053394
2025-09-15,2025-10-20,SKU043,117.0,147.14943596681093
2025-09-15,2025-10-27,SKU043,147.0,147.16943470418468
2025-09-15,2025-09-22,SKU044,66.0,56.959115329115356
2025-09-15,2025-09-29,SKU044,50.0,57.06446871184371
2025-09-15,2025-10-06,SKU044,49.0,57.680086732711736
2025-09-15,2025-10-13,SKU044,56.0,58.04162620712621
2025-09-15,2025-10-20,SKU044,53.0,55.76230849705852
2025-09-15,2025-10-27,SKU044,60.0,57.20150564713065
2025-09-15,2025-09-22,SKU045,162.0,159.51748466810966
2025-09-15,2025-09-29,SKU045,142.0,151.1428475829726
2025-09-15,2025-10-06,SKU045,123.0,154.30191822066828
2025-09-15,2025-10-13,SKU045,120.0,158.1787723665224
2025-09-15,2025-10-20,SKU045,143.0,164.11484289321785
2025-09-15,2025-10-27,SKU045,143.0,156.4728492063492
2025-09-15,2025-09-22,SKU046,73.0,53.392413419913424
2025-09-15,2025-09-29,SKU046,62.0,55.38522456709952
2025-09-15,2025-10-06,SKU046,47.0,56.71396335608833
2025-09-15,2025-10-13,SKU046,40.0,56.79466230991229
2025-09-15,2025-10-20,SKU046,50.0,55.76407629870128
2025-09-15,2025-10-27,SKU046,64.0,56.297167568542555
2025-09-15,2025-09-22,SKU047,94.0,94.28740236152733
2025-09-15,2025-09-29,SKU047,77.0,89.46177028527029
2025-09-15,2025-10-06,SKU047,81.0,88.62948090798092
2025-09-15,2025-10-13,SKU047,76.0,95.98446785159284
2025-09-15,2025-10-20,SKU047,75.0,96.93910818348313
2025-09-15,2025-10-27,SKU047,101.0,99.23520075757577
2025-09-15,2025-09-22,SKU048,50.0,57.369507395382385
2025-09-15,2025-09-29,SKU048,46.0,54.80956805694308
2025-09-15,2025-10-06,SKU048,51.0,54.540026029526025
2025-09-15,2025-10-13,SKU048,59.0,55.0352871017871
2025-09-15,2025-10-20,SKU048,31.0,54.181328157953146
2025-09-15,2025-10-27,SKU048,61.0,55.19011568986571
2025-09-15,2025-09-22,SKU049,168.0,163.96073430735925
2025-09-15,2025-09-29,SKU049,142.0,151.7454263375513
2025-09-15,2025-10-06,SKU049,137.0,155.28739538239543
2025-09-15,2025-10-13,SKU049,152.0,154.3023551587302
2025-09-15,2025-10-20,SKU049,138.0,157.65825360750364
2025-09-15,2025-10-27,SKU049,150.0,158.20984794372296
2025-09-15,2025-09-22,SKU050,38.0,32.263880411255414
2025-09-15,2025-09-29,SKU050,35.0,32.070525613275606
2025-09-15,2025-10-06,SKU050,39.0,32.12076334776333
2025-09-15,2025-10-13,SKU050,31.0,30.74706006493506
2025-09-15,2025-10-20,SKU050,31.0,31.05037373737373
2025-09-15,2025-10-27,SKU050,32.0,29.924906926406905
2025-10-27,2025-11-03,SKU001,92.0,91.13712067099569
2025-10-27,2025-11-10,SKU001,87.0,85.31734722222224
2025-10-27,2025-11-17,SKU001,84.0,93.32987097624594
2025-10-27,2025-11-24,SKU001,84.0,91.6843703102453
2025-10-27,2025-12-01,SKU001,88.0,92.28769047619048
2025-10-27,2025-12-08,SKU001,89.0,95.1643904012654
2025-10-27,2025-11-03,SKU002,72.0,57.05468584193581
2025-10-27,2025-11-10,SKU002,60.0,66.63634758297259
2025-10-27,2025-11-17,SKU002,64.0,62.32264359251859
2025-10-27,2025-11-24,SKU002,66.0,61.94063275613274
2025-10-27,2025-12-01,SKU002,51.0,63.686098179598176
2025-10-27,2025-12-08,SKU002,55.0,61.43025149850151
2025-10-27,2025-11-03,SKU003,39.0,32.3945046897547
2025-10-27,2025-11-10,SKU003,37.0,32.49174660062161
2025-10-27,2025-11-17,SKU003,41.0,32.2183427128427
2025-10-27,2025-11-24,SKU003,29.0,35.08620522533022
2025-10-27,2025-12-01,SKU003,38.0,31.886081349206364
2025-10-27,2025-12-08,SKU003,33.0,33.37244024031526
2025-10-27,2025-11-03,SKU004,27.0,30.26487987012986
2025-10-27,2025-11-10,SKU004,31.0,29.403064393939385
2025-10-27,2025-11-17,SKU004,28.0,29.745213924963924
2025-10-27,2025-11-24,SKU004,22.0,28.214547258297262
2025-10-27,2025-12-01,SKU004,28.0,29.392637806637804
2025-10-27,2025-12-08,SKU004,39.0,30.776854437229446
2025-10-27,2025-11-03,SKU005,114.0,99.75414808802309
2025-10-27,2025-11-10,SKU005,102.0,101.55057889332883
2025-10-27,2025-11-17,SKU005,115.0,102.55069552669552
2025-10-27,2025-11-24,SKU005,100.0,95.19075625763125
2025-10-27,2025-12-01,SKU005,96.0,98.24705087967588
2025-10-27,2025-12-08,SKU005,103.0,102.92239430014428
2025-10-27,2025-11-03,SKU006,39.0,34.461675505050486
2025-10-27,2025-11-10,SKU006,31.0,35.143319083694074
2025-10-27,2025-11-17,SKU006,45.0,34.047704725829725
2025-10-27,2025-11-24,SKU006,40.0,35.37094715007214
2025-10-27,2025-12-01,SKU006,37.0,35.458156114718626
2025-10-27,2025-12-08,SKU006,41.0,33.40706204906204
2025-10-27,2025-11-03,SKU007,142.0,161.77036796536797
2025-10-27,2025-11-10,SKU007,131.0,153.97831558719062
2025-10-27,2025-11-17,SKU007,157.0,157.59852705627705
2025-10-27,2025-11-24,SKU007,181.0,153.93071825396825
2025-10-27,2025-12-01,SKU007,145.0,157.70671356421354
2025-10-27,2025-12-08,SKU007,154.0,155.84908136308138
2025-10-27,2025-11-03,SKU008,112.0,97.4363818542568
2025-10-27,2025-11-10,SKU008,94.0,99.58731277056273
2025-10-27,2025-11-17,SKU008,91.0,96.72457402319897
2025-10-27,2025-11-24,SKU008,117.0,100.36823520923522
2025-10-27,2025-12-01,SKU008,97.0,102.56483297258298
2025-10-27,2025-12-08,SKU008,112.0,101.92665981240981
2025-10-27,2025-11-03,SKU009,55.0,68.21349586524583
2025-10-27,2025-11-10,SKU009,62.0,64.22209186646687
2025-10-27,2025-11-17,SKU009,63.0,59.95422367909866
2025-10-27,2025-11-24,SKU009,66.0,65.1038992812743
2025-10-27,2025-12-01,SKU009,77.0,62.01237551337554
2025-10-27,2025-12-08,SKU009,82.0,65.3064318181818
2025-10-27,2025-11-03,SKU010,91.0,98.02614628427125
2025-10-27,2025-11-10,SKU010,105.0,103.70351332001329
2025-10-27,2025-11-17,SKU010,102.0,106.71203625541126
2025-10-27,2025-11-24,SKU010,104.0,96.59958351370848
2025-10-27,2025-12-01,SKU010,126.0,99.05216289266285
2025-10-27,2025-12-08,SKU010,108.0,101.56762031024527
2025-10-27,2025-11-03,SKU011,19.0,18.07283706571207
2025-10-27,2025-11-10,SKU011,25.0,18.728821553446547
2025-10-27,2025-11-17,SKU011,9.0,19.209082972582973
2025-10-27,2025-11-24,SKU011,15.0,18.541620532245524
2025-10-27,2025-12-01,SKU011,17.0,19.505633838383837
2025-10-27,2025-12-08,SKU011,23.0,18.253750541125537
2025-10-27,2025-11-03,SKU012,155.0,150.0914902874903
2025-10-27,2025-11-10,SKU012,163.0,157.8891948051948
2025-10-27,2025-11-17,SKU012,155.0,164.62280014430016
2025-10-27,2025-11-24,SKU012,161.0,164.7020441225441
2025-10-27,2025-12-01,SKU012,167.0,156.04300975413474
2025-10-27,2025-12-08,SKU012,155.0,165.85986907536906
2025-10-27,2025-11-03,SKU013,84.0,77.08755645743143
2025-10-27,2025-11-10,SKU013,89.0,82.93895616883114
2025-10-27,2025-11-17,SKU013,80.0,94.5337726717727
2025-10-27,2025-11-24,SKU013,95.0,86.41060378510377
2025-10-27,2025-12-01,SKU013,78.0,94.54941271228766
2025-10-27,2025-12-08,SKU013,107.0,93.08697229159729
2025-10-27,2025-11-03,SKU014,117.0,130.97104426129428
2025-10-27,2025-11-10,SKU014,130.0,131.39168796481297
2025-10-27,2025-11-17,SKU014,130.0,133.89662752525254
2025-10-27,2025-11-24,SKU014,151.0,135.7689738455989
2025-10-27,2025-12-01,SKU014,124.0,134.53089736652234
2025-10-27,2025-12-08,SKU014,137.0,141.1068591269841
2025-10-27,2025-11-03,SKU015,13.0,18.3186334082584
2025-10-27,2025-11-10,SKU015,24.0,18.5754340936841
2025-10-27,2025-11-17,SKU015,24.0,19.153629620379615
2025-10-27,2025-11-24,SKU015,31.0,18.714381063381058
2025-10-27,2025-12-01,SKU015,22.0,19.52891443278942
2025-10-27,2025-12-08,SKU015,31.0,17.761886835386832
2025-10-27,2025-11-03,SKU016,92.0,88.19106980519474
2025-10-27,2025-11-10,SKU016,95.0,92.12549458874454
2025-10-27,2025-11-17,SKU016,75.0,94.6746457570207
2025-10-27,2025-11-24,SKU016,71.0,94.77296525696524
2025-10-27,2025-12-01,SKU016,77.0,91.16840133477632
2025-10-27,2025-12-08,SKU016,78.0,96.76001190476191
2025-10-27,2025-11-03,SKU017,103.0,87.44314861527357
2025-10-27,2025-11-10,SKU017,88.0,85.56413936063933
2025-10-27,2025-11-17,SKU017,87.0,91.09901845376842
2025-10-27,2025-11-24,SKU017,90.0,81.36203005328008
2025-10-27,2025-12-01,SKU017,105.0,81.32086778499279
2025-10-27,2025-12-08,SKU017,96.0,87.34235606060602
2025-10-27,2025-11-03,SKU018,157.0,156.6269931457432
2025-10-27,2025-11-10,SKU018,142.0,152.82196937784448
2025-10-27,2025-11-17,SKU018,150.0,155.06888425463424
2025-10-27,2025-11-24,SKU018,152.0,155.30152472527467
2025-10-27,2025-12-01,SKU018,158.0,165.54476208513708
2025-10-27,2025-12-08,SKU018,162.0,155.8660871350871
2025-10-27,2025-11-03,SKU019,103.0,95.44377447552452
2025-10-27,2025-11-10,SKU019,112.0,100.85398015873017
2025-10-27,2025-11-17,SKU019,110.0,100.8801167166167
2025-10-27,2025-11-24,SKU019,88.0,104.0793111471861
2025-10-27,2025-12-01,SKU019,103.0,104.59231926406929
2025-10-27,2025-12-08,SKU019,96.0,97.3308303918304
2025-10-27,2025-11-03,SKU020,78.0,92.73514592352092
2025-10-27,2025-11-10,SKU020,92.0,96.1994569042069
2025-10-27,2025-11-17,SKU020,81.0,94.75663546176041
2025-10-27,2025-11-24,SKU020,97.0,93.16113167388167
2025-10-27,2025-12-01,SKU020,85.0,96.16383250083246
2025-10-27,2025-12-08,SKU020,82.0,96.94341558441558
2025-10-27,2025-11-03,SKU021,46.0,54.023015262515294
2025-10-27,2025-11-10,SKU021,45.0,58.82749567099569
2025-10-27,2025-11-17,SKU021,43.0,53.30779292929297
2025-10-27,2025-11-24,SKU021,47.0,54.11969444444445
2025-10-27,2025-12-01,SKU021,52.0,53.031388916638925
2025-10-27,2025-12-08,SKU021,59.0,57.737323981573994
2025-10-27,2025-11-03,SKU022,44.0,55.21865854978351
2025-10-27,2025-11-10,SKU022,78.0,68.71781204906206
2025-10-27,2025-11-17,SKU022,53.0,61.69672440059938
2025-10-27,2025-11-24,SKU022,69.0,60.085645021645014
2025-10-27,2025-12-01,SKU022,70.0,56.79704130591629
2025-10-27,2025-12-08,SKU022,60.0,69.49821085858588
2025-10-27,2025-11-03,SKU023,91.0,91.1842936507936
2025-10-27,2025-11-10,SKU023,88.0,95.18970744533244
2025-10-27,2025-11-17,SKU023,88.0,93.39236262348763
2025-10-27,2025-11-24,SKU023,90.0,98.92887572150072
2025-10-27,2025-12-01,SKU023,97.0,98.68475793650788
2025-10-27,2025-12-08,SKU023,98.0,98.37671410533909
2025-10-27,2025-11-03,SKU024,82.0,84.43526116938618
2025-10-27,2025-11-10,SKU024,82.0,82.8812406066156
2025-10-27,2025-11-17,SKU024,80.0,79.90857611832612
2025-10-27,2025-11-24,SKU024,76.0,81.85189285714286
2025-10-27,2025-12-01,SKU024,93.0,82.20784992784994
2025-10-27,2025-12-08,SKU024,72.0,87.32202380952384
2025-10-27,2025-11-03,SKU025,18.0,18.359704489954485
2025-10-27,2025-11-10,SKU025,18.0,18.128158591408592
2025-10-27,2025-11-17,SKU025,12.0,20.12727669552669
2025-10-27,2025-11-24,SKU025,9.0,18.788970779220787
2025-10-27,2025-12-01,SKU025,18.0,18.834082070707066
2025-10-27,2025-12-08,SKU025,13.0,18.770024531024525
2025-10-27,2025-11-03,SKU026,127.0,135.0493093434343
2025-10-27,2025-11-10,SKU026,130.0,147.28757215007215
2025-10-27,2025-11-17,SKU026,128.0,137.7873247030747
2025-10-27,2025-11-24,SKU026,126.0,140.17296545121545
2025-10-27,2025-12-01,SKU026,157.0,150.61187437562432
2025-10-27,2025-12-08,SKU026,128.0,155.89154906204908
2025-10-27,2025-11-03,SKU027,147.0,141.6697151875902
2025-10-27,2025-11-10,SKU027,149.0,145.56914017926502
2025-10-27,2025-11-17,SKU027,163.0,150.5184543650793
2025-10-27,2025-11-24,SKU027,162.0,150.03818205405705
2025-10-27,2025-12-01,SKU027,153.0,151.42356457431453
2025-10-27,2025-12-08,SKU027,161.0,154.8214276695527
2025-10-27,2025-11-03,SKU028,30.0,31.09360149572651
2025-10-27,2025-11-10,SKU028,40.0,29.765010642135643
2025-10-27,2025-11-17,SKU028,39.0,29.273713203463206
2025-10-27,2025-11-24,SKU028,34.0,32.27743921356421
2025-10-27,2025-12-01,SKU028,40.0,29.25532936507937
2025-10-27,2025-12-08,SKU028,25.0,30.21866630591631
2025-10-27,2025-11-03,SKU029,88.0,95.75072162559661
2025-10-27,2025-11-10,SKU029,98.0,102.67400885225881
2025-10-27,2025-11-17,SKU029,97.0,101.90476656676657
2025-10-27,2025-11-24,SKU029,96.0,93.7273448218448
2025-10-27,2025-12-01,SKU029,87.0,103.70807521645024
2025-10-27,2025-12-08,SKU029,115.0,98.50227977577978
2025-10-27,2025-11-03,SKU030,25.0,28.693333139083137
2025-10-27,2025-11-10,SKU030,34.0,30.96466630591632
2025-10-27,2025-11-17,SKU030,33.0,30.426776154401164
2025-10-27,2025-11-24,SKU030,26.0,30.976556457431474
2025-10-27,2025-12-01,SKU030,25.0,30.066136183261193
2025-10-27,2025-12-08,SKU030,35.0,29.403797619047626
2025-10-27,2025-11-03,SKU031,109.0,110.50715674603178
2025-10-27,2025-11-10,SKU031,131.0,110.17493253968257
2025-10-27,2025-11-17,SKU031,113.0,108.3319211760462
2025-10-27,2025-11-24,SKU031,104.0,109.00147853535353
2025-10-27,2025-12-01,SKU031,96.0,100.13238690476196
2025-10-27,2025-12-08,SKU031,104.0,102.06258934121438
2025-10-27,2025-11-03,SKU032,61.0,62.1880064935065
2025-10-27,2025-11-10,SKU032,54.0,54.606415306915295
2025-10-27,2025-11-17,SKU032,70.0,57.23046987734489
2025-10-27,2025-11-24,SKU032,50.0,59.6486363636364
2025-10-27,2025-12-01,SKU032,60.0,61.35112121212124
2025-10-27,2025-12-08,SKU032,56.0,56.48187373737373
2025-10-27,2025-11-03,SKU033,119.0,101.71799382561875
2025-10-27,2025-11-10,SKU033,116.0,99.92482683982689
2025-10-27,2025-11-17,SKU033,120.0,103.87115111277608
2025-10-27,2025-11-24,SKU033,121.0,96.84086983849484
2025-10-27,2025-12-01,SKU033,117.0,101.2993048340548
2025-10-27,2025-12-08,SKU033,109.0,104.63649515762009
2025-10-27,2025-11-03,SKU034,129.0,109.97760654623154
2025-10-27,2025-11-10,SKU034,118.0,123.02750972638476
2025-10-27,2025-11-17,SKU034,133.0,109.47454684204688
2025-10-27,2025-11-24,SKU034,130.0,125.78852136752137
2025-10-27,2025-12-01,SKU034,147.0,120.36651116938621
2025-10-27,2025-12-08,SKU034,118.0,127.24845869408368
2025-10-27,2025-11-03,SKU035,113.0,127.28376617826616
2025-10-27,2025-11-10,SKU035,124.0,124.93798948273945
2025-10-27,2025-11-17,SKU035,133.0,131.6229093822844
2025-10-27,2025-11-24,SKU035,131.0,133.88697359584862
2025-10-27,2025-12-01,SKU035,128.0,135.28155880230884
2025-10-27,2025-12-08,SKU035,128.0,135.74446818459325
2025-10-27,2025-11-03,SKU036,27.0,30.11065205627705
2025-10-27,2025-11-10,SKU036,30.0,29.502366341991337
2025-10-27,2025-11-17,SKU036,35.0,28.191439935064928
2025-10-27,2025-11-24,SKU036,31.0,30.11206673881673
2025-10-27,2025-12-01,SKU036,27.0,29.822790584415593
2025-10-27,2025-12-08,SKU036,31.0,30.886042027417037
2025-10-27,2025-11-03,SKU037,171.0,153.55539556277054
2025-10-27,2025-11-10,SKU037,150.0,156.08735894660896
2025-10-27,2025-11-17,SKU037,166.0,152.9137758352758
2025-10-27,2025-11-24,SKU037,144.0,155.02611616161613
2025-10-27,2025-12-01,SKU037,155.0,161.8782727272728
2025-10-27,2025-12-08,SKU037,133.0,167.2303048618049
2025-10-27,2025-11-03,SKU038,50.0,38.49630339105338
2025-10-27,2025-11-10,SKU038,48.0,43.006735569985594
2025-10-27,2025-11-17,SKU038,61.0,41.785912157287164
2025-10-27,2025-11-24,SKU038,61.0,41.83666225441226
2025-10-27,2025-12-01,SKU038,39.0,42.70524224386724
2025-10-27,2025-12-08,SKU038,49.0,45.147140831390836
2025-10-27,2025-11-03,SKU039,18.0,19.06066215728716
2025-10-27,2025-11-10,SKU039,24.0,18.568043470418473
2025-10-27,2025-11-17,SKU039,18.0,19.310511183261184
2025-10-27,2025-11-24,SKU039,13.0,19.5605873015873
2025-10-27,2025-12-01,SKU039,23.0,18.484119769119772
2025-10-27,2025-12-08,SKU039,15.0,18.164829725829726
2025-10-27,2025-11-03,SKU040,89.0,100.1334348845599
2025-10-27,2025-11-10,SKU040,98.0,97.98786226273722
2025-10-27,2025-11-17,SKU040,86.0,98.30954492729488
2025-10-27,2025-11-24,SKU040,76.0,95.9147487512488
2025-10-27,2025-12-01,SKU040,103.0,96.48744572094573
2025-10-27,2025-12-08,SKU040,101.0,99.22707829670327
2025-10-27,2025-11-03,SKU041,79.0,64.1800158868909
2025-10-27,2025-11-10,SKU041,65.0,62.01668253968254
2025-10-27,2025-11-17,SKU041,52.0,55.20802905427904
2025-10-27,2025-11-24,SKU041,83.0,62.73827074314576
2025-10-27,2025-12-01,SKU041,78.0,65.00444462481964
2025-10-27,2025-12-08,SKU041,66.0,60.683865981240984
2025-10-27,2025-11-03,SKU042,141.0,128.2806668470418
2025-10-27,2025-11-10,SKU042,132.0,136.2359931457432
2025-10-27,2025-11-17,SKU042,124.0,135.66450342712847
2025-10-27,2025-11-24,SKU042,142.0,141.3426621572871
2025-10-27,2025-12-01,SKU042,156.0,146.37180158730146
2025-10-27,2025-12-08,SKU042,125.0,149.89904890942398
2025-10-27,2025-11-03,SKU043,148.0,132.37758549783547
2025-10-27,2025-11-10,SKU043,145.0,135.72487987012994
2025-10-27,2025-11-17,SKU043,144.0,139.84729671717182
2025-10-27,2025-11-24,SKU043,113.0,140.34503084415587
2025-10-27,2025-12-01,SKU043,127.0,142.96004584304583
2025-10-27,2025-12-08,SKU043,142.0,147.07227816627812
2025-10-27,2025-11-03,SKU044,58.0,53.760418109668116
2025-10-27,2025-11-10,SKU044,53.0,55.40360497835498
2025-10-27,2025-11-17,SKU044,46.0,53.78610569985571
2025-10-27,2025-11-24,SKU044,57.0,56.97037536075039
2025-10-27,2025-12-01,SKU044,52.0,54.97471626984128
2025-10-27,2025-12-08,SKU044,57.0,55.83801172438675
2025-10-27,2025-11-03,SKU045,154.0,140.8189130591631
2025-10-27,2025-11-10,SKU045,150.0,155.0160102813852
2025-10-27,2025-11-17,SKU045,155.0,155.65703643578644
2025-10-27,2025-11-24,SKU045,164.0,155.2894963092463
2025-10-27,2025-12-01,SKU045,166.0,153.09301913364422
2025-10-27,2025-12-08,SKU045,152.0,158.6916522366523
2025-10-27,2025-11-03,SKU046,49.0,55.42763428238427
2025-10-27,2025-11-10,SKU046,56.0,62.219746031746034
2025-10-27,2025-11-17,SKU046,53.0,56.800282287157316
2025-10-27,2025-11-24,SKU046,52.0,61.06060714285717
2025-10-27,2025-12-01,SKU046,56.0,56.43899963924963
2025-10-27,2025-12-08,SKU046,66.0,62.35387193362196
2025-10-27,2025-11-03,SKU047,102.0,90.18113852813858
2025-10-27,2025-11-10,SKU047,101.0,90.7147187395937
2025-10-27,2025-11-17,SKU047,81.0,96.0448663558663
2025-10-27,2025-11-24,SKU047,90.0,93.70876118326117
2025-10-27,2025-12-01,SKU047,108.0,95.06279617604616
2025-10-27,2025-12-08,SKU047,86.0,97.71387824675323
2025-10-27,2025-11-03,SKU048,63.0,49.979740981240994
2025-10-27,2025-11-10,SKU048,47.0,51.59528819791321
2025-10-27,2025-11-17,SKU048,63.0,54.73174188311691
2025-10-27,2025-11-24,SKU048,36.0,53.28696052558553
2025-10-27,2025-12-01,SKU048,57.0,51.51253968253968
2025-10-27,2025-12-08,SKU048,55.0,52.7727934981685
2025-10-27,2025-11-03,SKU049,152.0,153.51438603063605
2025-10-27,2025-11-10,SKU049,160.0,151.50467784992784
2025-10-27,2025-11-17,SKU049,139.0,150.5054864996115
2025-10-27,2025-11-24,SKU049,159.0,156.39805952380954
2025-10-27,2025-12-01,SKU049,167.0,157.2098331529582
2025-10-27,2025-12-08,SKU049,171.0,157.619534992785
2025-10-27,2025-11-03,SKU050,46.0,32.588426490176495
2025-10-27,2025-11-10,SKU050,40.0,32.979405205905216
2025-10-27,2025-11-17,SKU050,41.0,29.24379202741703
2025-10-27,2025-11-24,SKU050,30.0,29.65751334776336
2025-10-27,2025-12-01,SKU050,40.0,30.270814671439688
2025-10-27,2025-12-08,SKU050,34.0,30.085436507936528
