Origin_Week,Week_Start,SKU,Actual_Units,Forecast_Units,Absolute_Error
2025-06-23,2025-06-30,SKU001,101.0,84.0,17.0
2025-06-23,2025-07-07,SKU001,111.0,101.0,10.0
2025-06-23,2025-07-14,SKU001,118.0,75.0,43.0
2025-06-23,2025-07-21,SKU001,111.0,96.0,15.0
2025-06-23,2025-07-28,SKU001,101.0,94.0,7.0
2025-06-23,2025-08-04,SKU001,77.0,82.0,5.0
2025-06-23,2025-06-30,SKU002,53.0,81.0,28.0
2025-06-23,2025-07-07,SKU002,78.0,74.0,4.0
2025-06-23,2025-07-14,SKU002,69.0,84.0,15.0
2025-06-23,2025-07-21,SKU002,76.0,59.0,17.0
2025-06-23,2025-07-28,SKU002,75.0,51.0,24.0
2025-06-23,2025-08-04,SKU002,60.0,65.0,5.0
2025-06-23,2025-06-30,SKU003,42.0,43.0,1.0
2025-06-23,2025-07-07,SKU003,44.0,32.0,12.0
2025-06-23,2025-07-14,SKU003,37.0,28.0,9.0
2025-06-23,2025-07-21,SKU003,41.0,42.0,1.0
2025-06-23,2025-07-28,SKU003,26.0,45.0,19.0
2025-06-23,2025-08-04,SKU003,38.0,35.0,3.0
2025-06-23,2025-06-30,SKU004,27.0,28.0,1.0
2025-06-23,2025-07-07,SKU004,32.0,33.0,1.0
2025-06-23,2025-07-14,SKU004,34.0,35.0,1.0
2025-06-23,2025-07-21,SKU004,29.0,32.0,3.0
2025-06-23,2025-07-28,SKU004,33.0,32.0,1.0
2025-06-23,2025-08-04,SKU004,26.0,33.0,7.0
2025-06-23,2025-06-30,SKU005,99.0,105.0,6.0
2025-06-23,2025-07-07,SKU005,104.0,114.0,10.0
2025-06-23,2025-07-14,SKU005,106.0,109.0,3.0
2025-06-23,2025-07-21,SKU005,124.0,114.0,10.0
2025-06-23,2025-07-28,SKU005,115.0,108.0,7.0
2025-06-23,2025-08-04,SKU005,96.0,95.0,1.0
2025-06-23,2025-06-30,SKU006,41.0,54.0,13.0
2025-06-23,2025-07-07,SKU006,31.0,42.0,11.0
2025-06-23,2025-07-14,SKU006,45.0,47.0,2.0
2025-06-23,2025-07-21,SKU006,43.0,48.0,5.0
2025-06-23,2025-07-28,SKU006,49.0,45.0,4.0
2025-06-23,2025-08-04,SKU006,46.0,25.0,21.0
2025-06-23,2025-06-30,SKU007,181.0,187.0,6.0
2025-06-23,2025-07-07,SKU007,187.0,179.0,8.0
2025-06-23,2025-07-14,SKU007,161.0,180.0,19.0
2025-06-23,2025-07-21,SKU007,167.0,172.0,5.0
2025-06-23,2025-07-28,SKU007,181.0,160.0,21.0
2025-06-23,2025-08-04,SKU007,145.0,141.0,4.0
2025-06-23,2025-06-30,SKU008,128.0,112.0,16.0
2025-06-23,2025-07-07,SKU008,109.0,120.0,11.0
2025-06-23,2025-07-14,SKU008,110.0,108.0,2.0
2025-06-23,2025-07-21,SKU008,105.0,134.0,29.0
2025-06-23,2025-07-28,SKU008,112.0,100.0,12.0
2025-06-23,2025-08-04,SKU008,101.0,97.0,4.0
2025-06-23,2025-06-30,SKU009,83.0,78.0,5.0
2025-06-23,2025-07-07,SKU009,69.0,63.0,6.0
2025-06-23,2025-07-14,SKU009,73.0,85.0,12.0
2025-06-23,2025-07-21,SKU009,67.0,82.0,15.0
2025-06-23,2025-07-28,SKU009,69.0,85.0,16.0
2025-06-23,2025-08-04,SKU009,66.0,66.0,0.0
2025-06-23,2025-06-30,SKU010,111.0,103.0,8.0
2025-06-23,2025-07-07,SKU010,120.0,113.0,7.0
2025-06-23,2025-07-14,SKU010,124.0,111.0,13.0
2025-06-23,2025-07-21,SKU010,105.0,119.0,14.0
2025-06-23,2025-07-28,SKU010,91.0,110.0,19.0
2025-06-23,2025-08-04,SKU010,95.0,103.0,8.0
2025-06-23,2025-06-30,SKU011,25.0,19.0,6.0
2025-06-23,2025-07-07,SKU011,14.0,27.0,13.0
2025-06-23,2025-07-14,SKU011,21.0,12.0,9.0
2025-06-23,2025-07-21,SKU011,11.0,14.0,3.0
2025-06-23,2025-07-28,SKU011,18.0,12.0,6.0
2025-06-23,2025-08-04,SKU011,22.0,16.0,6.0
2025-06-23,2025-06-30,SKU012,171.0,173.0,2.0
2025-06-23,2025-07-07,SKU012,189.0,174.0,15.0
2025-06-23,2025-07-14,SKU012,179.0,190.0,11.0
2025-06-23,2025-07-21,SKU012,155.0,198.0,43.0
2025-06-23,2025-07-28,SKU012,160.0,163.0,3.0
2025-06-23,2025-08-04,SKU012,163.0,163.0,0.0
2025-06-23,2025-06-30,SKU013,101.0,94.0,7.0
2025-06-23,2025-07-07,SKU013,109.0,95.0,14.0
2025-06-23,2025-07-14,SKU013,87.0,86.0,1.0
2025-06-23,2025-07-21,SKU013,87.0,107.0,20.0
2025-06-23,2025-07-28,SKU013,85.0,104.0,19.0
2025-06-23,2025-08-04,SKU013,82.0,85.0,3.0
2025-06-23,2025-06-30,SKU014,134.0,137.0,3.0
2025-06-23,2025-07-07,SKU014,126.0,158.0,32.0
2025-06-23,2025-07-14,SKU014,139.0,151.0,12.0
2025-06-23,2025-07-21,SKU014,148.0,154.0,6.0
2025-06-23,2025-07-28,SKU014,141.0,132.0,9.0
2025-06-23,2025-08-04,SKU014,121.0,144.0,23.0
2025-06-23,2025-06-30,SKU015,22.0,27.0,5.0
2025-06-23,2025-07-07,SKU015,23.0,30.0,7.0
2025-06-23,2025-07-14,SKU015,29.0,31.0,2.0
2025-06-23,2025-07-21,SKU015,27.0,26.0,1.0
2025-06-23,2025-07-28,SKU015,25.0,24.0,1.0
2025-06-23,2025-08-04,SKU015,23.0,22.0,1.0
2025-06-23,2025-06-30,SKU016,101.0,93.0,8.0
2025-06-23,2025-07-07,SKU016,103.0,99.0,4.0
2025-06-23,2025-07-14,SKU016,104.0,78.0,26.0
2025-06-23,2025-07-21,SKU016,97.0,92.0,5.0
2025-06-23,2025-07-28,SKU016,85.0,90.0,5.0
2025-06-23,2025-08-04,SKU016,93.0,82.0,11.0
2025-06-23,2025-06-30,SKU017,105.0,112.0,7.0
2025-06-23,2025-07-07,SKU017,97.0,109.0,12.0
2025-06-23,2025-07-14,SKU017,98.0,106.0,8.0
2025-06-23,2025-07-21,SKU017,83.0,104.0,21.0
2025-06-23,2025-07-28,SKU017,82.0,98.0,16.0
2025-06-23,2025-08-04,SKU017,76.0,100.0,24.0
2025-06-23,2025-06-30,SKU018,164.0,163.0,1.0
2025-06-23,2025-07-07,SKU018,156.0,181.0,25.0
2025-06-23,2025-07-14,SKU018,167.0,169.0,2.0
2025-06-23,2025-07-21,SKU018,159.0,158.0,1.0
2025-06-23,2025-07-28,SKU018,179.0,172.0,7.0
2025-06-23,2025-08-04,SKU018,139.0,164.0,25.0
2025-06-23,2025-06-30,SKU019,94.0,113.0,19.0
2025-06-23,2025-07-07,SKU019,100.0,115.0,15.0
2025-06-23,2025-07-14,SKU019,111.0,101.0,10.0
2025-06-23,2025-07-21,SKU019,90.0,108.0,18.0
2025-06-23,2025-07-28,SKU019,116.0,115.0,1.0
2025-06-23,2025-08-04,SKU019,104.0,89.0,15.0
2025-06-23,2025-06-30,SKU020,104.0,94.0,10.0
2025-06-23,2025-07-07,SKU020,89.0,96.0,7.0
2025-06-23,2025-07-14,SKU020,97.0,112.0,15.0
2025-06-23,2025-07-21,SKU020,96.0,97.0,1.0
2025-06-23,2025-07-28,SKU020,69.0,102.0,33.0
2025-06-23,2025-08-04,SKU020,94.0,88.0,6.0
2025-06-23,2025-06-30,SKU021,57.0,60.0,3.0
2025-06-23,2025-07-07,SKU021,68.0,53.0,15.0
2025-06-23,2025-07-14,SKU021,58.0,63.0,5.0
2025-06-23,2025-07-21,SKU021,62.0,55.0,7.0
2025-06-23,2025-07-28,SKU021,54.0,55.0,1.0
2025-06-23,2025-08-04,SKU021,60.0,52.0,8.0
2025-06-23,2025-06-30,SKU022,70.0,58.0,12.0
2025-06-23,2025-07-07,SKU022,58.0,74.0,16.0
2025-06-23,2025-07-14,SKU022,82.0,68.0,14.0
2025-06-23,2025-07-21,SKU022,64.0,70.0,6.0
2025-06-23,2025-07-28,SKU022,70.0,59.0,11.0
2025-06-23,2025-08-04,SKU022,64.0,64.0,0.0
2025-06-23,2025-06-30,SKU023,105.0,109.0,4.0
2025-06-23,2025-07-07,SKU023,100.0,88.0,12.0
2025-06-23,2025-07-14,SKU023,91.0,102.0,11.0
2025-06-23,2025-07-21,SKU023,107.0,109.0,2.0
2025-06-23,2025-07-28,SKU023,102.0,105.0,3.0
2025-06-23,2025-08-04,SKU023,107.0,105.0,2.0
2025-06-23,2025-06-30,SKU024,94.0,100.0,6.0
2025-06-23,2025-07-07,SKU024,79.0,83.0,4.0
2025-06-23,2025-07-14,SKU024,70.0,92.0,22.0
2025-06-23,2025-07-21,SKU024,73.0,92.0,19.0
2025-06-23,2025-07-28,SKU024,104.0,88.0,16.0
2025-06-23,2025-08-04,SKU024,84.0,83.0,1.0
2025-06-23,2025-06-30,SKU025,18.0,24.0,6.0
2025-06-23,2025-07-07,SKU025,15.0,23.0,8.0
2025-06-23,2025-07-14,SKU025,24.0,16.0,8.0
2025-06-23,2025-07-21,SKU025,23.0,14.0,9.0
2025-06-23,2025-07-28,SKU025,20.0,18.0,2.0
2025-06-23,2025-08-04,SKU025,17.0,17.0,0.0
2025-06-23,2025-06-30,SKU026,150.0,163.0,13.0
2025-06-23,2025-07-07,SKU026,153.0,138.0,15.0
2025-06-23,2025-07-14,SKU026,155.0,157.0,2.0
2025-06-23,2025-07-21,SKU026,173.0,137.0,36.0
2025-06-23,2025-07-28,SKU026,156.0,144.0,12.0
2025-06-23,2025-08-04,SKU026,150.0,138.0,12.0
2025-06-23,2025-06-30,SKU027,165.0,149.0,16.0
2025-06-23,2025-07-07,SKU027,185.0,168.0,17.0
2025-06-23,2025-07-14,SKU027,163.0,167.0,4.0
2025-06-23,2025-07-21,SKU027,155.0,154.0,1.0
2025-06-23,2025-07-28,SKU027,156.0,151.0,5.0
2025-06-23,2025-08-04,SKU027,120.0,149.0,29.0
2025-06-23,2025-06-30,SKU028,32.0,42.0,10.0
2025-06-23,2025-07-07,SKU028,46.0,37.0,9.0
2025-06-23,2025-07-14,SKU028,42.0,39.0,3.0
2025-06-23,2025-07-21,SKU028,36.0,46.0,10.0
2025-06-23,2025-07-28,SKU028,35.0,30.0,5.0
2025-06-23,2025-08-04,SKU028,40.0,28.0,12.0
2025-06-23,2025-06-30,SKU029,102.0,118.0,16.0
2025-06-23,2025-07-07,SKU029,107.0,101.0,6.0
2025-06-23,2025-07-14,SKU029,112.0,86.0,26.0
2025-06-23,2025-07-21,SKU029,120.0,134.0,14.0
2025-06-23,2025-07-28,SKU029,97.0,100.0,3.0
2025-06-23,2025-08-04,SKU029,93.0,98.0,5.0
2025-06-23,2025-06-30,SKU030,27.0,36.0,9.0
2025-06-23,2025-07-07,SKU030,29.0,27.0,2.0
2025-06-23,2025-07-14,SKU030,36.0,27.0,9.0
2025-06-23,2025-07-21,SKU030,29.0,32.0,3.0
2025-06-23,2025-07-28,SKU030,33.0,38.0,5.0
2025-06-23,2025-08-04,SKU030,30.0,45.0,15.0
2025-06-23,2025-06-30,SKU031,124.0,133.0,9.0
2025-06-23,2025-07-07,SKU031,111.0,120.0,9.0
2025-06-23,2025-07-14,SKU031,131.0,126.0,5.0
2025-06-23,2025-07-21,SKU031,127.0,122.0,5.0
2025-06-23,2025-07-28,SKU031,121.0,98.0,23.0
2025-06-23,2025-08-04,SKU031,129.0,145.0,16.0
2025-06-23,2025-06-30,SKU032,70.0,66.0,4.0
2025-06-23,2025-07-07,SKU032,63.0,69.0,6.0
2025-06-23,2025-07-14,SKU032,54.0,75.0,21.0
2025-06-23,2025-07-21,SKU032,52.0,53.0,1.0
2025-06-23,2025-07-28,SKU032,80.0,46.0,34.0
2025-06-23,2025-08-04,SKU032,51.0,61.0,10.0
2025-06-23,2025-06-30,SKU033,137.0,134.0,3.0
2025-06-23,2025-07-07,SKU033,118.0,136.0,18.0
2025-06-23,2025-07-14,SKU033,121.0,122.0,1.0
2025-06-23,2025-07-21,SKU033,119.0,125.0,6.0
2025-06-23,2025-07-28,SKU033,112.0,112.0,0.0
2025-06-23,2025-08-04,SKU033,110.0,107.0,3.0
2025-06-23,2025-06-30,SKU034,134.0,148.0,14.0
2025-06-23,2025-07-07,SKU034,118.0,120.0,2.0
2025-06-23,2025-07-14,SKU034,147.0,127.0,20.0
2025-06-23,2025-07-21,SKU034,152.0,132.0,20.0
2025-06-23,2025-07-28,SKU034,124.0,117.0,7.0
2025-06-23,2025-08-04,SKU034,111.0,129.0,18.0
2025-06-23,2025-06-30,SKU035,148.0,143.0,5.0
2025-06-23,2025-07-07,SKU035,123.0,159.0,36.0
2025-06-23,2025-07-14,SKU035,132.0,132.0,0.0
2025-06-23,2025-07-21,SKU035,154.0,159.0,5.0
2025-06-23,2025-07-28,SKU035,137.0,144.0,7.0
2025-06-23,2025-08-04,SKU035,134.0,137.0,3.0
2025-06-23,2025-06-30,SKU036,33.0,21.0,12.0
2025-06-23,2025-07-07,SKU036,33.0,21.0,12.0
2025-06-23,2025-07-14,SKU036,37.0,49.0,12.0
2025-06-23,2025-07-21,SKU036,26.0,31.0,5.0
2025-06-23,2025-07-28,SKU036,33.0,25.0,8.0
2025-06-23,2025-08-04,SKU036,26.0,21.0,5.0
2025-06-23,2025-06-30,SKU037,188.0,166.0,22.0
2025-06-23,2025-07-07,SKU037,210.0,181.0,29.0
2025-06-23,2025-07-14,SKU037,182.0,178.0,4.0
2025-06-23,2025-07-21,SKU037,149.0,169.0,20.0
2025-06-23,2025-07-28,SKU037,143.0,179.0,36.0
2025-06-23,2025-08-04,SKU037,162.0,144.0,18.0
2025-06-23,2025-06-30,SKU038,57.0,52.0,5.0
2025-06-23,2025-07-07,SKU038,57.0,46.0,11.0
2025-06-23,2025-07-14,SKU038,59.0,54.0,5.0
2025-06-23,2025-07-21,SKU038,50.0,60.0,10.0
2025-06-23,2025-07-28,SKU038,45.0,52.0,7.0
2025-06-23,2025-08-04,SKU038,42.0,51.0,9.0
2025-06-23,2025-06-30,SKU039,19.0,21.0,2.0
2025-06-23,2025-07-07,SKU039,24.0,18.0,6.0
2025-06-23,2025-07-14,SKU039,18.0,18.0,0.0
2025-06-23,2025-07-21,SKU039,34.0,16.0,18.0
2025-06-23,2025-07-28,SKU039,23.0,15.0,8.0
2025-06-23,2025-08-04,SKU039,23.0,16.0,7.0
2025-06-23,2025-06-30,SKU040,117.0,103.0,14.0
2025-06-23,2025-07-07,SKU040,106.0,116.0,10.0
2025-06-23,2025-07-14,SKU040,99.0,102.0,3.0
2025-06-23,2025-07-21,SKU040,97.0,109.0,12.0
2025-06-23,2025-07-28,SKU040,108.0,109.0,1.0
2025-06-23,2025-08-04,SKU040,90.0,103.0,13.0
2025-06-23,2025-06-30,SKU041,79.0,62.0,17.0
2025-06-23,2025-07-07,SKU041,73.0,63.0,10.0
2025-06-23,2025-07-14,SKU041,93.0,70.0,23.0
2025-06-23,2025-07-21,SKU041,69.0,66.0,3.0
2025-06-23,2025-07-28,SKU041,63.0,71.0,8.0
2025-06-23,2025-08-04,SKU041,72.0,71.0,1.0
2025-06-23,2025-06-30,SKU042,163.0,142.0,21.0
2025-06-23,2025-07-07,SKU042,158.0,145.0,13.0
2025-06-23,2025-07-14,SKU042,161.0,147.0,14.0
2025-06-23,2025-07-21,SKU042,157.0,158.0,1.0
2025-06-23,2025-07-28,SKU042,167.0,143.0,24.0
2025-06-23,2025-08-04,SKU042,141.0,139.0,2.0
2025-06-23,2025-06-30,SKU043,155.0,136.0,19.0
2025-06-23,2025-07-07,SKU043,161.0,172.0,11.0
2025-06-23,2025-07-14,SKU043,161.0,141.0,20.0
2025-06-23,2025-07-21,SKU043,132.0,160.0,28.0
2025-06-23,2025-07-28,SKU043,149.0,160.0,11.0
2025-06-23,2025-08-04,SKU043,156.0,123.0,33.0
2025-06-23,2025-06-30,SKU044,61.0,71.0,10.0
2025-06-23,2025-07-07,SKU044,79.0,71.0,8.0
2025-06-23,2025-07-14,SKU044,72.0,78.0,6.0
2025-06-23,2025-07-21,SKU044,69.0,78.0,9.0
2025-06-23,2025-07-28,SKU044,65.0,66.0,1.0
2025-06-23,2025-08-04,SKU044,66.0,60.0,6.0
2025-06-23,2025-06-30,SKU045,160.0,177.0,17.0
2025-06-23,2025-07-07,SKU045,156.0,150.0,6.0
2025-06-23,2025-07-14,SKU045,187.0,157.0,30.0
2025-06-23,2025-07-21,SKU045,170.0,181.0,11.0
2025-06-23,2025-07-28,SKU045,149.0,172.0,23.0
2025-06-23,2025-08-04,SKU045,151.0,169.0,18.0
2025-06-23,2025-06-30,SKU046,55.0,63.0,8.0
2025-06-23,2025-07-07,SKU046,78.0,58.0,20.0
2025-06-23,2025-07-14,SKU046,74.0,60.0,14.0
2025-06-23,2025-07-21,SKU046,78.0,69.0,9.0
2025-06-23,2025-07-28,SKU046,51.0,62.0,11.0
2025-06-23,2025-08-04,SKU046,69.0,73.0,4.0
2025-06-23,2025-06-30,SKU047,110.0,119.0,9.0
2025-06-23,2025-07-07,SKU047,106.0,84.0,22.0
2025-06-23,2025-07-14,SKU047,105.0,102.0,3.0
2025-06-23,2025-07-21,SKU047,107.0,108.0,1.0
2025-06-23,2025-07-28,SKU047,120.0,99.0,21.0
2025-06-23,2025-08-04,SKU047,95.0,93.0,2.0
2025-06-23,2025-06-30,SKU048,50.0,64.0,14.0
2025-06-23,2025-07-07,SKU048,48.0,66.0,18.0
2025-06-23,2025-07-14,SKU048,52.0,58.0,6.0
2025-06-23,2025-07-21,SKU048,67.0,58.0,9.0
2025-06-23,2025-07-28,SKU048,43.0,55.0,12.0
2025-06-23,2025-08-04,SKU048,50.0,53.0,3.0
2025-06-23,2025-06-30,SKU049,156.0,167.0,11.0
2025-06-23,2025-07-07,SKU049,179.0,165.0,14.0
2025-06-23,2025-07-14,SKU049,171.0,188.0,17.0
2025-06-23,2025-07-21,SKU049,168.0,174.0,6.0
2025-06-23,2025-07-28,SKU049,158.0,176.0,18.0
2025-06-23,2025-08-04,SKU049,159.0,164.0,5.0
2025-06-23,2025-06-30,SKU050,44.0,44.0,0.0
2025-06-23,2025-07-07,SKU050,49.0,42.0,7.0
2025-06-23,2025-07-14,SKU050,53.0,50.0,3.0
2025-06-23,2025-07-21,SKU050,43.0,29.0,14.0
2025-06-23,2025-07-28,SKU050,36.0,39.0,3.0
2025-06-23,2025-08-04,SKU050,35.0,33.0,2.0
2025-08-04,2025-08-11,SKU001,90.0,89.0,1.0
2025-08-04,2025-08-18,SKU001,91.0,98.0,7.0
2025-08-04,2025-08-25,SKU001,97.0,92.0,5.0
2025-08-04,2025-09-01,SKU001,88.0,96.0,8.0
2025-08-04,2025-09-08,SKU001,93.0,89.0,4.0
2025-08-04,2025-09-15,SKU001,88.0,104.0,16.0
2025-08-04,2025-08-11,SKU002,70.0,58.0,12.0
2025-08-04,2025-08-18,SKU002,70.0,46.0,24.0
2025-08-04,2025-08-25,SKU002,79.0,69.0,10.0
2025-08-04,2025-09-01,SKU002,62.0,56.0,6.0
2025-08-04,2025-09-08,SKU002,65.0,61.0,4.0
2025-08-04,2025-09-15,SKU002,79.0,59.0,20.0
2025-08-04,2025-08-11,SKU003,39.0,37.0,2.0
2025-08-04,2025-08-18,SKU003,34.0,38.0,4.0
2025-08-04,2025-08-25,SKU003,27.0,40.0,13.0
2025-08-04,2025-09-01,SKU003,34.0,38.0,4.0
2025-08-04,2025-09-08,SKU003,42.0,30.0,12.0
2025-08-04,2025-09-15,SKU003,39.0,41.0,2.0
2025-08-04,2025-08-11,SKU004,26.0,30.0,4.0
2025-08-04,2025-08-18,SKU004,18.0,29.0,11.0
2025-08-04,2025-08-25,SKU004,36.0,22.0,14.0
2025-08-04,2025-09-01,SKU004,38.0,30.0,8.0
2025-08-04,2025-09-08,SKU004,29.0,34.0,5.0
2025-08-04,2025-09-15,SKU004,26.0,29.0,3.0
2025-08-04,2025-08-11,SKU005,114.0,103.0,11.0
2025-08-04,2025-08-18,SKU005,95.0,113.0,18.0
2025-08-04,2025-08-25,SKU005,96.0,122.0,26.0
2025-08-04,2025-09-01,SKU005,95.0,113.0,18.0
2025-08-04,2025-09-08,SKU005,96.0,104.0,8.0
2025-08-04,2025-09-15,SKU005,89.0,95.0,6.0
2025-08-04,2025-08-11,SKU006,38.0,39.0,1.0
2025-08-04,2025-08-18,SKU006,42.0,34.0,8.0
2025-08-04,2025-08-25,SKU006,36.0,55.0,19.0
2025-08-04,2025-09-01,SKU006,43.0,33.0,10.0
2025-08-04,2025-09-08,SKU006,40.0,38.0,2.0
2025-08-04,2025-09-15,SKU006,45.0,42.0,3.0
2025-08-04,2025-08-11,SKU007,158.0,164.0,6.0
2025-08-04,2025-08-18,SKU007,146.0,160.0,14.0
2025-08-04,2025-08-25,SKU007,170.0,151.0,19.0
2025-08-04,2025-09-01,SKU007,152.0,157.0,5.0
2025-08-04,2025-09-08,SKU007,153.0,174.0,21.0
2025-08-04,2025-09-15,SKU007,162.0,151.0,11.0
2025-08-04,2025-08-11,SKU008,126.0,99.0,27.0
2025-08-04,2025-08-18,SKU008,89.0,113.0,24.0
2025-08-04,2025-08-25,SKU008,101.0,107.0,6.0
2025-08-04,2025-09-01,SKU008,92.0,115.0,23.0
2025-08-04,2025-09-08,SKU008,90.0,93.0,3.0
2025-08-04,2025-09-15,SKU008,87.0,101.0,14.0
2025-08-04,2025-08-11,SKU009,61.0,70.0,9.0
2025-08-04,2025-08-18,SKU009,69.0,59.0,10.0
2025-08-04,2025-08-25,SKU009,62.0,58.0,4.0
2025-08-04,2025-09-01,SKU009,71.0,58.0,13.0
2025-08-04,2025-09-08,SKU009,87.0,56.0,31.0
2025-08-04,2025-09-15,SKU009,70.0,58.0,12.0
2025-08-04,2025-08-11,SKU010,113.0,103.0,10.0
2025-08-04,2025-08-18,SKU010,100.0,99.0,1.0
2025-08-04,2025-08-25,SKU010,114.0,96.0,18.0
2025-08-04,2025-09-01,SKU010,104.0,92.0,12.0
2025-08-04,2025-09-08,SKU010,92.0,116.0,24.0
2025-08-04,2025-09-15,SKU010,114.0,115.0,1.0
2025-08-04,2025-08-11,SKU011,14.0,17.0,3.0
2025-08-04,2025-08-18,SKU011,24.0,9.0,15.0
2025-08-04,2025-08-25,SKU011,11.0,17.0,6.0
2025-08-04,2025-09-01,SKU011,16.0,18.0,2.0
2025-08-04,2025-09-08,SKU011,16.0,22.0,6.0
2025-08-04,2025-09-15,SKU011,16.0,15.0,1.0
2025-08-04,2025-08-11,SKU012,177.0,154.0,23.0
2025-08-04,2025-08-18,SKU012,178.0,169.0,9.0
2025-08-04,2025-08-25,SKU012,171.0,176.0,5.0
2025-08-04,2025-09-01,SKU012,180.0,151.0,29.0
2025-08-04,2025-09-08,SKU012,160.0,167.0,7.0
2025-08-04,2025-09-15,SKU012,171.0,163.0,8.0
2025-08-04,2025-08-11,SKU013,106.0,71.0,35.0
2025-08-04,2025-08-18,SKU013,96.0,91.0,5.0
2025-08-04,2025-08-25,SKU013,84.0,86.0,2.0
2025-08-04,2025-09-01,SKU013,99.0,98.0,1.0
2025-08-04,2025-09-08,SKU013,105.0,101.0,4.0
2025-08-04,2025-09-15,SKU013,82.0,84.0,2.0
2025-08-04,2025-08-11,SKU014,123.0,123.0,0.0
2025-08-04,2025-08-18,SKU014,131.0,129.0,2.0
2025-08-04,2025-08-25,SKU014,157.0,135.0,22.0
2025-08-04,2025-09-01,SKU014,127.0,146.0,19.0
2025-08-04,2025-09-08,SKU014,151.0,145.0,6.0
2025-08-04,2025-09-15,SKU014,140.0,137.0,3.0
2025-08-04,2025-08-11,SKU015,27.0,24.0,3.0
2025-08-04,2025-08-18,SKU015,26.0,25.0,1.0
2025-08-04,2025-08-25,SKU015,28.0,28.0,0.0
2025-08-04,2025-09-01,SKU015,28.0,25.0,3.0
2025-08-04,2025-09-08,SKU015,24.0,26.0,2.0
2025-08-04,2025-09-15,SKU015,23.0,21.0,2.0
2025-08-04,2025-08-11,SKU016,85.0,96.0,11.0
2025-08-04,2025-08-18,SKU016,90.0,78.0,12.0
2025-08-04,2025-08-25,SKU016,85.0,98.0,13.0
2025-08-04,2025-09-01,SKU016,66.0,94.0,28.0
2025-08-04,2025-09-08,SKU016,78.0,77.0,1.0
2025-08-04,2025-09-15,SKU016,76.0,90.0,14.0
2025-08-04,2025-08-11,SKU017,85.0,94.0,9.0
2025-08-04,2025-08-18,SKU017,85.0,95.0,10.0
2025-08-04,2025-08-25,SKU017,78.0,85.0,7.0
2025-08-04,2025-09-01,SKU017,71.0,98.0,27.0
2025-08-04,2025-09-08,SKU017,77.0,88.0,11.0
2025-08-04,2025-09-15,SKU017,83.0,88.0,5.0
2025-08-04,2025-08-11,SKU018,146.0,167.0,21.0
2025-08-04,2025-08-18,SKU018,151.0,169.0,18.0
2025-08-04,2025-08-25,SKU018,161.0,171.0,10.0
2025-08-04,2025-09-01,SKU018,150.0,158.0,8.0
2025-08-04,2025-09-08,SKU018,155.0,158.0,3.0
2025-08-04,2025-09-15,SKU018,148.0,163.0,15.0
2025-08-04,2025-08-11,SKU019,106.0,93.0,13.0
2025-08-04,2025-08-18,SKU019,109.0,104.0,5.0
2025-08-04,2025-08-25,SKU019,93.0,102.0,9.0
2025-08-04,2025-09-01,SKU019,103.0,104.0,1.0
2025-08-04,2025-09-08,SKU019,76.0,108.0,32.0
2025-08-04,2025-09-15,SKU019,100.0,80.0,20.0
2025-08-04,2025-08-11,SKU020,87.0,96.0,9.0
2025-08-04,2025-08-18,SKU020,99.0,95.0,4.0
2025-08-04,2025-08-25,SKU020,74.0,102.0,28.0
2025-08-04,2025-09-01,SKU020,97.0,84.0,13.0
2025-08-04,2025-09-08,SKU020,91.0,69.0,22.0
2025-08-04,2025-09-15,SKU020,79.0,83.0,4.0
2025-08-04,2025-08-11,SKU021,54.0,68.0,14.0
2025-08-04,2025-08-18,SKU021,60.0,59.0,1.0
2025-08-04,2025-08-25,SKU021,43.0,53.0,10.0
2025-08-04,2025-09-01,SKU021,47.0,52.0,5.0
2025-08-04,2025-09-08,SKU021,55.0,55.0,0.0
2025-08-04,2025-09-15,SKU021,55.0,48.0,7.0
2025-08-04,2025-08-11,SKU022,64.0,56.0,8.0
2025-08-04,2025-08-18,SKU022,69.0,68.0,1.0
2025-08-04,2025-08-25,SKU022,49.0,66.0,17.0
2025-08-04,2025-09-01,SKU022,55.0,64.0,9.0
2025-08-04,2025-09-08,SKU022,67.0,59.0,8.0
2025-08-04,2025-09-15,SKU022,60.0,66.0,6.0
2025-08-04,2025-08-11,SKU023,102.0,82.0,20.0
2025-08-04,2025-08-18,SKU023,95.0,99.0,4.0
2025-08-04,2025-08-25,SKU023,82.0,85.0,3.0
2025-08-04,2025-09-01,SKU023,76.0,88.0,12.0
2025-08-04,2025-09-08,SKU023,53.0,87.0,34.0
2025-08-04,2025-09-15,SKU023,111.0,85.0,26.0
2025-08-04,2025-08-11,SKU024,83.0,86.0,3.0
2025-08-04,2025-08-18,SKU024,69.0,100.0,31.0
2025-08-04,2025-08-25,SKU024,93.0,88.0,5.0
2025-08-04,2025-09-01,SKU024,104.0,84.0,20.0
2025-08-04,2025-09-08,SKU024,79.0,83.0,4.0
2025-08-04,2025-09-15,SKU024,84.0,72.0,12.0
2025-08-04,2025-08-11,SKU025,13.0,17.0,4.0
2025-08-04,2025-08-18,SKU025,18.0,19.0,1.0
2025-08-04,2025-08-25,SKU025,22.0,26.0,4.0
2025-08-04,2025-09-01,SKU025,17.0,16.0,1.0
2025-08-04,2025-09-08,SKU025,16.0,17.0,1.0
2025-08-04,2025-09-15,SKU025,16.0,15.0,1.0
2025-08-04,2025-08-11,SKU026,128.0,138.0,10.0
2025-08-04,2025-08-18,SKU026,123.0,144.0,21.0
2025-08-04,2025-08-25,SKU026,129.0,129.0,0.0
2025-08-04,2025-09-01,SKU026,153.0,146.0,7.0
2025-08-04,2025-09-08,SKU026,124.0,143.0,19.0
2025-08-04,2025-09-15,SKU026,138.0,120.0,18.0
2025-08-04,2025-08-11,SKU027,146.0,158.0,12.0
2025-08-04,2025-08-18,SKU027,145.0,165.0,20.0
2025-08-04,2025-08-25,SKU027,138.0,154.0,16.0
2025-08-04,2025-09-01,SKU027,167.0,127.0,40.0
2025-08-04,2025-09-08,SKU027,143.0,134.0,9.0
2025-08-04,2025-09-15,SKU027,158.0,143.0,15.0
2025-08-04,2025-08-11,SKU028,31.0,31.0,0.0
2025-08-04,2025-08-18,SKU028,27.0,37.0,10.0
2025-08-04,2025-08-25,SKU028,45.0,31.0,14.0
2025-08-04,2025-09-01,SKU028,35.0,41.0,6.0
2025-08-04,2025-09-08,SKU028,36.0,26.0,10.0
2025-08-04,2025-09-15,SKU028,34.0,44.0,10.0
2025-08-04,2025-08-11,SKU029,113.0,107.0,6.0
2025-08-04,2025-08-18,SKU029,114.0,106.0,8.0
2025-08-04,2025-08-25,SKU029,103.0,99.0,4.0
2025-08-04,2025-09-01,SKU029,90.0,109.0,19.0
2025-08-04,2025-09-08,SKU029,89.0,104.0,15.0
2025-08-04,2025-09-15,SKU029,105.0,93.0,12.0
2025-08-04,2025-08-11,SKU030,28.0,25.0,3.0
2025-08-04,2025-08-18,SKU030,36.0,30.0,6.0
2025-08-04,2025-08-25,SKU030,32.0,39.0,7.0
2025-08-04,2025-09-01,SKU030,26.0,26.0,0.0
2025-08-04,2025-09-08,SKU030,34.0,30.0,4.0
2025-08-04,2025-09-15,SKU030,32.0,32.0,0.0
2025-08-04,2025-08-11,SKU031,136.0,120.0,16.0
2025-08-04,2025-08-18,SKU031,111.0,104.0,7.0
2025-08-04,2025-08-25,SKU031,123.0,124.0,1.0
2025-08-04,2025-09-01,SKU031,118.0,110.0,8.0
2025-08-04,2025-09-08,SKU031,125.0,135.0,10.0
2025-08-04,2025-09-15,SKU031,118.0,123.0,5.0
2025-08-04,2025-08-11,SKU032,65.0,54.0,11.0
2025-08-04,2025-08-18,SKU032,51.0,42.0,9.0
2025-08-04,2025-08-25,SKU032,55.0,50.0,5.0
2025-08-04,2025-09-01,SKU032,48.0,58.0,10.0
2025-08-04,2025-09-08,SKU032,76.0,60.0,16.0
2025-08-04,2025-09-15,SKU032,57.0,69.0,12.0
2025-08-04,2025-08-11,SKU033,96.0,103.0,7.0
2025-08-04,2025-08-18,SKU033,113.0,109.0,4.0
2025-08-04,2025-08-25,SKU033,115.0,107.0,8.0
2025-08-04,2025-09-01,SKU033,97.0,109.0,12.0
2025-08-04,2025-09-08,SKU033,126.0,107.0,19.0
2025-08-04,2025-09-15,SKU033,110.0,88.0,22.0
2025-08-04,2025-08-11,SKU034,135.0,120.0,15.0
2025-08-04,2025-08-18,SKU034,103.0,95.0,8.0
2025-08-04,2025-08-25,SKU034,138.0,115.0,23.0
2025-08-04,2025-09-01,SKU034,150.0,110.0,40.0
2025-08-04,2025-09-08,SKU034,115.0,150.0,35.0
2025-08-04,2025-09-15,SKU034,110.0,153.0,43.0
2025-08-04,2025-08-11,SKU035,146.0,137.0,9.0
2025-08-04,2025-08-18,SKU035,117.0,125.0,8.0
2025-08-04,2025-08-25,SKU035,132.0,135.0,3.0
2025-08-04,2025-09-01,SKU035,147.0,120.0,27.0
2025-08-04,2025-09-08,SKU035,119.0,134.0,15.0
2025-08-04,2025-09-15,SKU035,138.0,133.0,5.0
2025-08-04,2025-08-11,SKU036,22.0,24.0,2.0
2025-08-04,2025-08-18,SKU036,27.0,34.0,7.0
2025-08-04,2025-08-25,SKU036,43.0,28.0,15.0
2025-08-04,2025-09-01,SKU036,28.0,33.0,5.0
2025-08-04,2025-09-08,SKU036,26.0,30.0,4.0
2025-08-04,2025-09-15,SKU036,35.0,28.0,7.0
2025-08-04,2025-08-11,SKU037,146.0,156.0,10.0
2025-08-04,2025-08-18,SKU037,170.0,134.0,36.0
2025-08-04,2025-08-25,SKU037,171.0,156.0,15.0
2025-08-04,2025-09-01,SKU037,133.0,155.0,22.0
2025-08-04,2025-09-08,SKU037,154.0,149.0,5.0
2025-08-04,2025-09-15,SKU037,165.0,163.0,2.0
2025-08-04,2025-08-11,SKU038,60.0,51.0,9.0
2025-08-04,2025-08-18,SKU038,47.0,42.0,5.0
2025-08-04,2025-08-25,SKU038,49.0,48.0,1.0
2025-08-04,2025-09-01,SKU038,48.0,58.0,10.0
2025-08-04,2025-09-08,SKU038,47.0,47.0,0.0
2025-08-04,2025-09-15,SKU038,40.0,43.0,3.0
2025-08-04,2025-08-11,SKU039,20.0,24.0,4.0
2025-08-04,2025-08-18,SKU039,18.0,29.0,11.0
2025-08-04,2025-08-25,SKU039,13.0,16.0,3.0
2025-08-04,2025-09-01,SKU039,17.0,26.0,9.0
2025-08-04,2025-09-08,SKU039,20.0,22.0,2.0
2025-08-04,2025-09-15,SKU039,18.0,22.0,4.0
2025-08-04,2025-08-11,SKU040,92.0,109.0,17.0
2025-08-04,2025-08-18,SKU040,110.0,110.0,0.0
2025-08-04,2025-08-25,SKU040,99.0,85.0,14.0
2025-08-04,2025-09-01,SKU040,105.0,94.0,11.0
2025-08-04,2025-09-08,SKU040,106.0,109.0,3.0
2025-08-04,2025-09-15,SKU040,109.0,89.0,20.0
2025-08-04,2025-08-11,SKU041,81.0,71.0,10.0
2025-08-04,2025-08-18,SKU041,66.0,67.0,1.0
2025-08-04,2025-08-25,SKU041,80.0,77.0,3.0
2025-08-04,2025-09-01,SKU041,72.0,63.0,9.0
2025-08-04,2025-09-08,SKU041,58.0,66.0,8.0
2025-08-04,2025-09-15,SKU041,66.0,74.0,8.0
2025-08-04,2025-08-11,SKU042,142.0,141.0,1.0
2025-08-04,2025-08-18,SKU042,154.0,126.0,28.0
2025-08-04,2025-08-25,SKU042,162.0,147.0,15.0
2025-08-04,2025-09-01,SKU042,146.0,147.0,1.0
2025-08-04,2025-09-08,SKU042,149.0,126.0,23.0
2025-08-04,2025-09-15,SKU042,169.0,147.0,22.0
2025-08-04,2025-08-11,SKU043,142.0,136.0,6.0
2025-08-04,2025-08-18,SKU043,130.0,123.0,7.0
2025-08-04,2025-08-25,SKU043,139.0,140.0,1.0
2025-08-04,2025-09-01,SKU043,133.0,148.0,15.0
2025-08-04,2025-09-08,SKU043,143.0,124.0,19.0
2025-08-04,2025-09-15,SKU043,143.0,136.0,7.0
2025-08-04,2025-08-11,SKU044,61.0,76.0,15.0
2025-08-04,2025-08-18,SKU044,70.0,55.0,15.0
2025-08-04,2025-08-25,SKU044,51.0,70.0,19.0
2025-08-04,2025-09-01,SKU044,56.0,60.0,4.0
2025-08-04,2025-09-08,SKU044,61.0,63.0,2.0
2025-08-04,2025-09-15,SKU044,47.0,56.0,9.0
2025-08-04,2025-08-11,SKU045,155.0,197.0,42.0
2025-08-04,2025-08-18,SKU045,159.0,130.0,29.0
2025-08-04,2025-08-25,SKU045,138.0,158.0,20.0
2025-08-04,2025-09-01,SKU045,163.0,159.0,4.0
2025-08-04,2025-09-08,SKU045,171.0,154.0,17.0
2025-08-04,2025-09-15,SKU045,147.0,152.0,5.0
2025-08-04,2025-08-11,SKU046,64.0,59.0,5.0
2025-08-04,2025-08-18,SKU046,54.0,60.0,6.0
2025-08-04,2025-08-25,SKU046,58.0,55.0,3.0
2025-08-04,2025-09-01,SKU046,53.0,60.0,7.0
2025-08-04,2025-09-08,SKU046,56.0,56.0,0.0
2025-08-04,2025-09-15,SKU046,61.0,54.0,7.0
2025-08-04,2025-08-11,SKU047,101.0,66.0,35.0
2025-08-04,2025-08-18,SKU047,86.0,101.0,15.0
2025-08-04,2025-08-25,SKU047,92.0,110.0,18.0
2025-08-04,2025-09-01,SKU047,103.0,96.0,7.0
2025-08-04,2025-09-08,SKU047,78.0,75.0,3.0
2025-08-04,2025-09-15,SKU047,87.0,94.0,7.0
2025-08-04,2025-08-11,SKU048,35.0,59.0,24.0
2025-08-04,2025-08-18,SKU048,45.0,59.0,14.0
2025-08-04,2025-08-25,SKU048,60.0,65.0,5.0
2025-08-04,2025-09-01,SKU048,57.0,41.0,16.0
2025-08-04,2025-09-08,SKU048,58.0,63.0,5.0
2025-08-04,2025-09-15,SKU048,54.0,56.0,2.0
2025-08-04,2025-08-11,SKU049,163.0,151.0,12.0
2025-08-04,2025-08-18,SKU049,145.0,138.0,7.0
2025-08-04,2025-08-25,SKU049,159.0,156.0,3.0
2025-08-04,2025-09-01,SKU049,152.0,152.0,0.0
2025-08-04,2025-09-08,SKU049,167.0,164.0,3.0
2025-08-04,2025-09-15,SKU049,158.0,150.0,8.0
2025-08-04,2025-08-11,SKU050,43.0,49.0,6.0
2025-08-04,2025-08-18,SKU050,35.0,29.0,6.0
2025-08-04,2025-08-25,SKU050,34.0,37.0,3.0
2025-08-04,2025-09-01,SKU050,29.0,37.0,8.0
2025-08-04,2025-09-08,SKU050,33.0,52.0,19.0
2025-08-04,2025-09-15,SKU050,30.0,27.0,3.0
2025-09-15,2025-09-22,SKU001,86.0,109.0,23.0
2025-09-15,2025-09-29,SKU001,83.0,71.0,12.0
2025-09-15,2025-10-06,SKU001,82.0,82.0,0.0
2025-09-15,2025-10-13,SKU001,82.0,88.0,6.0
2025-09-15,2025-10-20,SKU001,78.0,89.0,11.0
2025-09-15,2025-10-27,SKU001,93.0,83.0,10.0
2025-09-15,2025-09-22,SKU002,60.0,63.0,3.0
2025-09-15,2025-09-29,SKU002,63.0,51.0,12.0
2025-09-15,2025-10-06,SKU002,56.0,65.0,9.0
2025-09-15,2025-10-13,SKU002,59.0,72.0,13.0
2025-09-15,2025-10-20,SKU002,51.0,47.0,4.0
2025-09-15,2025-10-27,SKU002,70.0,65.0,5.0
2025-09-15,2025-09-22,SKU003,42.0,32.0,10.0
2025-09-15,2025-09-29,SKU003,43.0,32.0,11.0
2025-09-15,2025-10-06,SKU003,33.0,34.0,1.0
2025-09-15,2025-10-13,SKU003,26.0,27.0,1.0
2025-09-15,2025-10-20,SKU003,34.0,35.0,1.0
2025-09-15,2025-10-27,SKU003,41.0,17.0,24.0
2025-09-15,2025-09-22,SKU004,28.0,26.0,2.0
2025-09-15,2025-09-29,SKU004,23.0,26.0,3.0
2025-09-15,2025-10-06,SKU004,28.0,29.0,1.0
2025-09-15,2025-10-13,SKU004,24.0,29.0,5.0
2025-09-15,2025-10-20,SKU004,24.0,26.0,2.0
2025-09-15,2025-10-27,SKU004,32.0,32.0,0.0
2025-09-15,2025-09-22,SKU005,108.0,108.0,0.0
2025-09-15,2025-09-29,SKU005,97.0,86.0,11.0
2025-09-15,2025-10-06,SKU005,107.0,96.0,11.0
2025-09-15,2025-10-13,SKU005,105.0,92.0,13.0
2025-09-15,2025-10-20,SKU005,98.0,85.0,13.0
2025-09-15,2025-10-27,SKU005,104.0,109.0,5.0
2025-09-15,2025-09-22,SKU006,48.0,40.0,8.0
2025-09-15,2025-09-29,SKU006,43.0,47.0,4.0
2025-09-15,2025-10-06,SKU006,38.0,38.0,0.0
2025-09-15,2025-10-13,SKU006,29.0,37.0,8.0
2025-09-15,2025-10-20,SKU006,34.0,29.0,5.0
2025-09-15,2025-10-27,SKU006,36.0,40.0,4.0
2025-09-15,2025-09-22,SKU007,171.0,170.0,1.0
2025-09-15,2025-09-29,SKU007,129.0,130.0,1.0
2025-09-15,2025-10-06,SKU007,149.0,123.0,26.0
2025-09-15,2025-10-13,SKU007,158.0,128.0,30.0
2025-09-15,2025-10-20,SKU007,131.0,124.0,7.0
2025-09-15,2025-10-27,SKU007,152.0,152.0,0.0
2025-09-15,2025-09-22,SKU008,93.0,107.0,14.0
2025-09-15,2025-09-29,SKU008,98.0,89.0,9.0
2025-09-15,2025-10-06,SKU008,88.0,80.0,8.0
2025-09-15,2025-10-13,SKU008,115.0,71.0,44.0
2025-09-15,2025-10-20,SKU008,81.0,97.0,16.0
2025-09-15,2025-10-27,SKU008,100.0,99.0,1.0
2025-09-15,2025-09-22,SKU009,69.0,67.0,2.0
2025-09-15,2025-09-29,SKU009,58.0,42.0,16.0
2025-09-15,2025-10-06,SKU009,51.0,65.0,14.0
2025-09-15,2025-10-13,SKU009,63.0,58.0,5.0
2025-09-15,2025-10-20,SKU009,52.0,52.0,0.0
2025-09-15,2025-10-27,SKU009,78.0,66.0,12.0
2025-09-15,2025-09-22,SKU010,100.0,128.0,28.0
2025-09-15,2025-09-29,SKU010,79.0,122.0,43.0
2025-09-15,2025-10-06,SKU010,83.0,79.0,4.0
2025-09-15,2025-10-13,SKU010,96.0,74.0,22.0
2025-09-15,2025-10-20,SKU010,86.0,92.0,6.0
2025-09-15,2025-10-27,SKU010,120.0,109.0,11.0
2025-09-15,2025-09-22,SKU011,11.0,18.0,7.0
2025-09-15,2025-09-29,SKU011,28.0,11.0,17.0
2025-09-15,2025-10-06,SKU011,16.0,16.0,0.0
2025-09-15,2025-10-13,SKU011,11.0,13.0,2.0
2025-09-15,2025-10-20,SKU011,18.0,9.0,9.0
2025-09-15,2025-10-27,SKU011,19.0,15.0,4.0
2025-09-15,2025-09-22,SKU012,150.0,174.0,24.0
2025-09-15,2025-09-29,SKU012,136.0,144.0,8.0
2025-09-15,2025-10-06,SKU012,140.0,144.0,4.0
2025-09-15,2025-10-13,SKU012,128.0,144.0,16.0
2025-09-15,2025-10-20,SKU012,141.0,140.0,1.0
2025-09-15,2025-10-27,SKU012,151.0,183.0,32.0
2025-09-15,2025-09-22,SKU013,82.0,99.0,17.0
2025-09-15,2025-09-29,SKU013,96.0,68.0,28.0
2025-09-15,2025-10-06,SKU013,87.0,75.0,12.0
2025-09-15,2025-10-13,SKU013,61.0,80.0,19.0
2025-09-15,2025-10-20,SKU013,69.0,64.0,5.0
2025-09-15,2025-10-27,SKU013,79.0,93.0,14.0
2025-09-15,2025-09-22,SKU014,132.0,151.0,19.0
2025-09-15,2025-09-29,SKU014,123.0,97.0,26.0
2025-09-15,2025-10-06,SKU014,122.0,126.0,4.0
2025-09-15,2025-10-13,SKU014,120.0,123.0,3.0
2025-09-15,2025-10-20,SKU014,133.0,128.0,5.0
2025-09-15,2025-10-27,SKU014,127.0,132.0,5.0
2025-09-15,2025-09-22,SKU015,28.0,20.0,8.0
2025-09-15,2025-09-29,SKU015,19.0,34.0,15.0
2025-09-15,2025-10-06,SKU015,16.0,29.0,13.0
2025-09-15,2025-10-13,SKU015,21.0,22.0,1.0
2025-09-15,2025-10-20,SKU015,21.0,24.0,3.0
2025-09-15,2025-10-27,SKU015,17.0,25.0,8.0
2025-09-15,2025-09-22,SKU016,78.0,89.0,11.0
2025-09-15,2025-09-29,SKU016,72.0,71.0,1.0
2025-09-15,2025-10-06,SKU016,84.0,85.0,1.0
2025-09-15,2025-10-13,SKU016,86.0,84.0,2.0
2025-09-15,2025-10-20,SKU016,73.0,82.0,9.0
2025-09-15,2025-10-27,SKU016,109.0,98.0,11.0
2025-09-15,2025-09-22,SKU017,90.0,101.0,11.0
2025-09-15,2025-09-29,SKU017,75.0,60.0,15.0
2025-09-15,2025-10-06,SKU017,76.0,67.0,9.0
2025-09-15,2025-10-13,SKU017,84.0,100.0,16.0
2025-09-15,2025-10-20,SKU017,61.0,82.0,21.0
2025-09-15,2025-10-27,SKU017,83.0,90.0,7.0
2025-09-15,2025-09-22,SKU018,146.0,169.0,23.0
2025-09-15,2025-09-29,SKU018,138.0,134.0,4.0
2025-09-15,2025-10-06,SKU018,154.0,153.0,1.0
2025-09-15,2025-10-13,SKU018,141.0,140.0,1.0
2025-09-15,2025-10-20,SKU018,135.0,159.0,24.0
2025-09-15,2025-10-27,SKU018,166.0,170.0,4.0
2025-09-15,2025-09-22,SKU019,105.0,97.0,8.0
2025-09-15,2025-09-29,SKU019,83.0,81.0,2.0
2025-09-15,2025-10-06,SKU019,92.0,93.0,1.0
2025-09-15,2025-10-13,SKU019,96.0,85.0,11.0
2025-09-15,2025-10-20,SKU019,84.0,86.0,2.0
2025-09-15,2025-10-27,SKU019,91.0,98.0,7.0
2025-09-15,2025-09-22,SKU020,86.0,80.0,6.0
2025-09-15,2025-09-29,SKU020,75.0,77.0,2.0
2025-09-15,2025-10-06,SKU020,107.0,83.0,24.0
2025-09-15,2025-10-13,SKU020,74.0,92.0,18.0
2025-09-15,2025-10-20,SKU020,88.0,83.0,5.0
2025-09-15,2025-10-27,SKU020,101.0,71.0,30.0
2025-09-15,2025-09-22,SKU021,53.0,61.0,8.0
2025-09-15,2025-09-29,SKU021,35.0,50.0,15.0
2025-09-15,2025-10-06,SKU021,48.0,39.0,9.0
2025-09-15,2025-10-13,SKU021,65.0,43.0,22.0
2025-09-15,2025-10-20,SKU021,44.0,55.0,11.0
2025-09-15,2025-10-27,SKU021,58.0,58.0,0.0
2025-09-15,2025-09-22,SKU022,61.0,72.0,11.0
2025-09-15,2025-09-29,SKU022,50.0,53.0,3.0
2025-09-15,2025-10-06,SKU022,54.0,55.0,1.0
2025-09-15,2025-10-13,SKU022,58.0,52.0,6.0
2025-09-15,2025-10-20,SKU022,51.0,47.0,4.0
2025-09-15,2025-10-27,SKU022,62.0,56.0,6.0
2025-09-15,2025-09-22,SKU023,90.0,89.0,1.0
2025-09-15,2025-09-29,SKU023,89.0,76.0,13.0
2025-09-15,2025-10-06,SKU023,80.0,67.0,13.0
2025-09-15,2025-10-13,SKU023,74.0,74.0,0.0
2025-09-15,2025-10-20,SKU023,91.0,84.0,7.0
2025-09-15,2025-10-27,SKU023,84.0,86.0,2.0
2025-09-15,2025-09-22,SKU024,80.0,85.0,5.0
2025-09-15,2025-09-29,SKU024,69.0,83.0,14.0
2025-09-15,2025-10-06,SKU024,65.0,66.0,1.0
2025-09-15,2025-10-13,SKU024,75.0,72.0,3.0
2025-09-15,2025-10-20,SKU024,82.0,62.0,20.0
2025-09-15,2025-10-27,SKU024,83.0,86.0,3.0
2025-09-15,2025-09-22,SKU025,21.0,12.0,9.0
2025-09-15,2025-09-29,SKU025,12.0,14.0,2.0
2025-09-15,2025-10-06,SKU025,13.0,20.0,7.0
2025-09-15,2025-10-13,SKU025,17.0,26.0,9.0
2025-09-15,2025-10-20,SKU025,17.0,16.0,1.0
2025-09-15,2025-10-27,SKU025,20.0,21.0,1.0
2025-09-15,2025-09-22,SKU026,132.0,129.0,3.0
2025-09-15,2025-09-29,SKU026,114.0,131.0,17.0
2025-09-15,2025-10-06,SKU026,135.0,145.0,10.0
2025-09-15,2025-10-13,SKU026,138.0,141.0,3.0
2025-09-15,2025-10-20,SKU026,124.0,137.0,13.0
2025-09-15,2025-10-27,SKU026,141.0,130.0,11.0
2025-09-15,2025-09-22,SKU027,150.0,156.0,6.0
2025-09-15,2025-09-29,SKU027,151.0,126.0,25.0
2025-09-15,2025-10-06,SKU027,149.0,126.0,23.0
2025-09-15,2025-10-13,SKU027,127.0,121.0,6.0
2025-09-15,2025-10-20,SKU027,130.0,151.0,21.0
2025-09-15,2025-10-27,SKU027,136.0,138.0,2.0
2025-09-15,2025-09-22,SKU028,30.0,25.0,5.0
2025-09-15,2025-09-29,SKU028,18.0,36.0,18.0
2025-09-15,2025-10-06,SKU028,31.0,29.0,2.0
2025-09-15,2025-10-13,SKU028,32.0,34.0,2.0
2025-09-15,2025-10-20,SKU028,30.0,26.0,4.0
2025-09-15,2025-10-27,SKU028,31.0,40.0,9.0
2025-09-15,2025-09-22,SKU029,86.0,93.0,7.0
2025-09-15,2025-09-29,SKU029,78.0,98.0,20.0
2025-09-15,2025-10-06,SKU029,92.0,96.0,4.0
2025-09-15,2025-10-13,SKU029,85.0,90.0,5.0
2025-09-15,2025-10-20,SKU029,98.0,96.0,2.0
2025-09-15,2025-10-27,SKU029,104.0,75.0,29.0
2025-09-15,2025-09-22,SKU030,41.0,37.0,4.0
2025-09-15,2025-09-29,SKU030,27.0,22.0,5.0
2025-09-15,2025-10-06,SKU030,25.0,18.0,7.0
2025-09-15,2025-10-13,SKU030,32.0,31.0,1.0
2025-09-15,2025-10-20,SKU030,27.0,26.0,1.0
2025-09-15,2025-10-27,SKU030,28.0,27.0,1.0
2025-09-15,2025-09-22,SKU031,112.0,116.0,4.0
2025-09-15,2025-09-29,SKU031,107.0,105.0,2.0
2025-09-15,2025-10-06,SKU031,109.0,109.0,0.0
2025-09-15,2025-10-13,SKU031,120.0,109.0,11.0
2025-09-15,2025-10-20,SKU031,114.0,112.0,2.0
2025-09-15,2025-10-27,SKU031,110.0,129.0,19.0
2025-09-15,2025-09-22,SKU032,60.0,43.0,17.0
2025-09-15,2025-09-29,SKU032,44.0,50.0,6.0
2025-09-15,2025-10-06,SKU032,50.0,56.0,6.0
2025-09-15,2025-10-13,SKU032,48.0,49.0,1.0
2025-09-15,2025-10-20,SKU032,52.0,48.0,4.0
2025-09-15,2025-10-27,SKU032,67.0,51.0,16.0
2025-09-15,2025-09-22,SKU033,125.0,106.0,19.0
2025-09-15,2025-09-29,SKU033,102.0,94.0,8.0
2025-09-15,2025-10-06,SKU033,88.0,95.0,7.0
2025-09-15,2025-10-13,SKU033,100.0,104.0,4.0
2025-09-15,2025-10-20,SKU033,95.0,114.0,19.0
2025-09-15,2025-10-27,SKU033,95.0,118.0,23.0
2025-09-15,2025-09-22,SKU034,148.0,111.0,37.0
2025-09-15,2025-09-29,SKU034,106.0,118.0,12.0
2025-09-15,2025-10-06,SKU034,97.0,99.0,2.0
2025-09-15,2025-10-13,SKU034,115.0,116.0,1.0
2025-09-15,2025-10-20,SKU034,101.0,111.0,10.0
2025-09-15,2025-10-27,SKU034,122.0,137.0,15.0
2025-09-15,2025-09-22,SKU035,123.0,130.0,7.0
2025-09-15,2025-09-29,SKU035,134.0,114.0,20.0
2025-09-15,2025-10-06,SKU035,108.0,102.0,6.0
2025-09-15,2025-10-13,SKU035,129.0,126.0,3.0
2025-09-15,2025-10-20,SKU035,135.0,102.0,33.0
2025-09-15,2025-10-27,SKU035,117.0,119.0,2.0
2025-09-15,2025-09-22,SKU036,27.0,32.0,5.0
2025-09-15,2025-09-29,SKU036,33.0,27.0,6.0
2025-09-15,2025-10-06,SKU036,19.0,35.0,16.0
2025-09-15,2025-10-13,SKU036,19.0,29.0,10.0
2025-09-15,2025-10-20,SKU036,34.0,21.0,13.0
2025-09-15,2025-10-27,SKU036,29.0,28.0,1.0
2025-09-15,2025-09-22,SKU037,157.0,132.0,25.0
2025-09-15,2025-09-29,SKU037,140.0,143.0,3.0
2025-09-15,2025-10-06,SKU037,128.0,132.0,4.0
2025-09-15,2025-10-13,SKU037,147.0,129.0,18.0
2025-09-15,2025-10-20,SKU037,139.0,141.0,2.0
2025-09-15,2025-10-27,SKU037,154.0,153.0,1.0
2025-09-15,2025-09-22,SKU038,49.0,37.0,12.0
2025-09-15,2025-09-29,SKU038,40.0,41.0,1.0
2025-09-15,2025-10-06,SKU038,48.0,37.0,11.0
2025-09-15,2025-10-13,SKU038,44.0,52.0,8.0
2025-09-15,2025-10-20,SKU038,44.0,45.0,1.0
2025-09-15,2025-10-27,SKU038,37.0,55.0,18.0
2025-09-15,2025-09-22,SKU039,25.0,24.0,1.0
2025-09-15,2025-09-29,SKU039,26.0,16.0,10.0
2025-09-15,2025-10-06,SKU039,17.0,9.0,8.0
2025-09-15,2025-10-13,SKU039,16.0,18.0,2.0
2025-09-15,2025-10-20,SKU039,19.0,19.0,0.0
2025-09-15,2025-10-27,SKU039,18.0,21.0,3.0
2025-09-15,2025-09-22,SKU040,87.0,84.0,3.0
2025-09-15,2025-09-29,SKU040,76.0,91.0,15.0
2025-09-15,2025-10-06,SKU040,82.0,93.0,11.0
2025-09-15,2025-10-13,SKU040,81.0,96.0,15.0
2025-09-15,2025-10-20,SKU040,91.0,92.0,1.0
2025-09-15,2025-10-27,SKU040,103.0,89.0,14.0
2025-09-15,2025-09-22,SKU041,62.0,62.0,0.0
2025-09-15,2025-09-29,SKU041,67.0,62.0,5.0
2025-09-15,2025-10-06,SKU041,54.0,82.0,28.0
2025-09-15,2025-10-13,SKU041,62.0,63.0,1.0
2025-09-15,2025-10-20,SKU041,52.0,63.0,11.0
2025-09-15,2025-10-27,SKU041,67.0,66.0,1.0
2025-09-15,2025-09-22,SKU042,123.0,133.0,10.0
2025-09-15,2025-09-29,SKU042,132.0,120.0,12.0
2025-09-15,2025-10-06,SKU042,137.0,125.0,12.0
2025-09-15,2025-10-13,SKU042,138.0,131.0,7.0
2025-09-15,2025-10-20,SKU042,117.0,114.0,3.0
2025-09-15,2025-10-27,SKU042,134.0,136.0,2.0
2025-09-15,2025-09-22,SKU043,121.0,140.0,19.0
2025-09-15,2025-09-29,SKU043,115.0,130.0,15.0
2025-09-15,2025-10-06,SKU043,125.0,113.0,12.0
2025-09-15,2025-10-13,SKU043,123.0,121.0,2.0
2025-09-15,2025-10-20,SKU043,117.0,132.0,15.0
2025-09-15,2025-10-27,SKU043,147.0,130.0,17.0
2025-09-15,2025-09-22,SKU044,66.0,68.0,2.0
2025-09-15,2025-09-29,SKU044,50.0,48.0,2.0
2025-09-15,2025-10-06,SKU044,49.0,57.0,8.0
2025-09-15,2025-10-13,SKU044,56.0,61.0,5.0
2025-09-15,2025-10-20,SKU044,53.0,57.0,4.0
2025-09-15,2025-10-27,SKU044,60.0,59.0,1.0
2025-09-15,2025-09-22,SKU045,162.0,178.0,16.0
2025-09-15,2025-09-29,SKU045,142.0,139.0,3.0
2025-09-15,2025-10-06,SKU045,123.0,131.0,8.0
2025-09-15,2025-10-13,SKU045,120.0,142.0,22.0
2025-09-15,2025-10-20,SKU045,143.0,173.0,30.0
2025-09-15,2025-10-27,SKU045,143.0,145.0,2.0
2025-09-15,2025-09-22,SKU046,73.0,56.0,17.0
2025-09-15,2025-09-29,SKU046,62.0,54.0,8.0
2025-09-15,2025-10-06,SKU046,47.0,60.0,13.0
2025-09-15,2025-10-13,SKU046,40.0,42.0,2.0
2025-09-15,2025-10-20,SKU046,50.0,40.0,10.0
2025-09-15,2025-10-27,SKU046,64.0,55.0,9.0
2025-09-15,2025-09-22,SKU047,94.0,115.0,21.0
2025-09-15,2025-09-29,SKU047,77.0,75.0,2.0
2025-09-15,2025-10-06,SKU047,81.0,93.0,12.0
2025-09-15,2025-10-13,SKU047,76.0,84.0,8.0
2025-09-15,2025-10-20,SKU047,75.0,79.0,4.0
2025-09-15,2025-10-27,SKU047,101.0,93.0,8.0
2025-09-15,2025-09-22,SKU048,50.0,48.0,2.0
2025-09-15,2025-09-29,SKU048,46.0,47.0,1.0
2025-09-15,2025-10-06,SKU048,51.0,51.0,0.0
2025-09-15,2025-10-13,SKU048,59.0,51.0,8.0
2025-09-15,2025-10-20,SKU048,31.0,53.0,22.0
2025-09-15,2025-10-27,SKU048,61.0,63.0,2.0
2025-09-15,2025-09-22,SKU049,168.0,178.0,10.0
2025-09-15,2025-09-29,SKU049,142.0,147.0,5.0
2025-09-15,2025-10-06,SKU049,137.0,151.0,14.0
2025-09-15,2025-10-13,SKU049,152.0,129.0,23.0
2025-09-15,2025-10-20,SKU049,138.0,148.0,10.0
2025-09-15,2025-10-27,SKU049,150.0,140.0,10.0
2025-09-15,2025-09-22,SKU050,38.0,25.0,13.0
2025-09-15,2025-09-29,SKU050,35.0,34.0,1.0
2025-09-15,2025-10-06,SKU050,39.0,33.0,6.0
2025-09-15,2025-10-13,SKU050,31.0,38.0,7.0
2025-09-15,2025-10-20,SKU050,31.0,38.0,7.0
2025-09-15,2025-10-27,SKU050,32.0,36.0,4.0
2025-10-27,2025-11-03,SKU001,92.0,99.0,7.0
2025-10-27,2025-11-10,SKU001,87.0,80.0,7.0
2025-10-27,2025-11-17,SKU001,84.0,88.0,4.0
2025-10-27,2025-11-24,SKU001,84.0,68.0,16.0
2025-10-27,2025-12-01,SKU001,88.0,83.0,5.0
2025-10-27,2025-12-08,SKU001,89.0,94.0,5.0
2025-10-27,2025-11-03,SKU002,72.0,52.0,20.0
2025-10-27,2025-11-10,SKU002,60.0,67.0,7.0
2025-10-27,2025-11-17,SKU002,64.0,66.0,2.0
2025-10-27,2025-11-24,SKU002,66.0,57.0,9.0
2025-10-27,2025-12-01,SKU002,51.0,66.0,15.0
2025-10-27,2025-12-08,SKU002,55.0,57.0,2.0
2025-10-27,2025-11-03,SKU003,39.0,41.0,2.0
2025-10-27,2025-11-10,SKU003,37.0,38.0,1.0
2025-10-27,2025-11-17,SKU003,41.0,39.0,2.0
2025-10-27,2025-11-24,SKU003,29.0,36.0,7.0
2025-10-27,2025-12-01,SKU003,38.0,38.0,0.0
2025-10-27,2025-12-08,SKU003,33.0,23.0,10.0
2025-10-27,2025-11-03,SKU004,27.0,29.0,2.0
2025-10-27,2025-11-10,SKU004,31.0,26.0,5.0
2025-10-27,2025-11-17,SKU004,28.0,19.0,9.0
2025-10-27,2025-11-24,SKU004,22.0,24.0,2.0
2025-10-27,2025-12-01,SKU004,28.0,30.0,2.0
2025-10-27,2025-12-08,SKU004,39.0,33.0,6.0
2025-10-27,2025-11-03,SKU005,114.0,109.0,5.0
2025-10-27,2025-11-10,SKU005,102.0,123.0,21.0
2025-10-27,2025-11-17,SKU005,115.0,104.0,11.0
2025-10-27,2025-11-24,SKU005,100.0,79.0,21.0
2025-10-27,2025-12-01,SKU005,96.0,95.0,1.0
2025-10-27,2025-12-08,SKU005,103.0,107.0,4.0
2025-10-27,2025-11-03,SKU006,39.0,40.0,1.0
2025-10-27,2025-11-10,SKU006,31.0,28.0,3.0
2025-10-27,2025-11-17,SKU006,45.0,41.0,4.0
2025-10-27,2025-11-24,SKU006,40.0,44.0,4.0
2025-10-27,2025-12-01,SKU006,37.0,44.0,7.0
2025-10-27,2025-12-08,SKU006,41.0,34.0,7.0
2025-10-27,2025-11-03,SKU007,142.0,172.0,30.0
2025-10-27,2025-11-10,SKU007,131.0,159.0,28.0
2025-10-27,2025-11-17,SKU007,157.0,167.0,10.0
2025-10-27,2025-11-24,SKU007,181.0,132.0,49.0
2025-10-27,2025-12-01,SKU007,145.0,148.0,3.0
2025-10-27,2025-12-08,SKU007,154.0,137.0,17.0
2025-10-27,2025-11-03,SKU008,112.0,97.0,15.0
2025-10-27,2025-11-10,SKU008,94.0,106.0,12.0
2025-10-27,2025-11-17,SKU008,91.0,88.0,3.0
2025-10-27,2025-11-24,SKU008,117.0,108.0,9.0
2025-10-27,2025-12-01,SKU008,97.0,109.0,12.0
2025-10-27,2025-12-08,SKU008,112.0,104.0,8.0
2025-10-27,2025-11-03,SKU009,55.0,71.0,16.0
2025-10-27,2025-11-10,SKU009,62.0,67.0,5.0
2025-10-27,2025-11-17,SKU009,63.0,60.0,3.0
2025-10-27,2025-11-24,SKU009,66.0,52.0,14.0
2025-10-27,2025-12-01,SKU009,77.0,55.0,22.0
2025-10-27,2025-12-08,SKU009,82.0,71.0,11.0
2025-10-27,2025-11-03,SKU010,91.0,100.0,9.0
2025-10-27,2025-11-10,SKU010,105.0,113.0,8.0
2025-10-27,2025-11-17,SKU010,102.0,121.0,19.0
2025-10-27,2025-11-24,SKU010,104.0,93.0,11.0
2025-10-27,2025-12-01,SKU010,126.0,99.0,27.0
2025-10-27,2025-12-08,SKU010,108.0,106.0,2.0
2025-10-27,2025-11-03,SKU011,19.0,11.0,8.0
2025-10-27,2025-11-10,SKU011,25.0,16.0,9.0
2025-10-27,2025-11-17,SKU011,9.0,25.0,16.0
2025-10-27,2025-11-24,SKU011,15.0,22.0,7.0
2025-10-27,2025-12-01,SKU011,17.0,25.0,8.0
2025-10-27,2025-12-08,SKU011,23.0,15.0,8.0
2025-10-27,2025-11-03,SKU012,155.0,156.0,1.0
2025-10-27,2025-11-10,SKU012,163.0,179.0,16.0
2025-10-27,2025-11-17,SKU012,155.0,177.0,22.0
2025-10-27,2025-11-24,SKU012,161.0,170.0,9.0
2025-10-27,2025-12-01,SKU012,167.0,147.0,20.0
2025-10-27,2025-12-08,SKU012,155.0,184.0,29.0
2025-10-27,2025-11-03,SKU013,84.0,72.0,12.0
2025-10-27,2025-11-10,SKU013,89.0,96.0,7.0
2025-10-27,2025-11-17,SKU013,80.0,101.0,21.0
2025-10-27,2025-11-24,SKU013,95.0,81.0,14.0
2025-10-27,2025-12-01,SKU013,78.0,95.0,17.0
2025-10-27,2025-12-08,SKU013,107.0,94.0,13.0
2025-10-27,2025-11-03,SKU014,117.0,130.0,13.0
2025-10-27,2025-11-10,SKU014,130.0,124.0,6.0
2025-10-27,2025-11-17,SKU014,130.0,152.0,22.0
2025-10-27,2025-11-24,SKU014,151.0,142.0,9.0
2025-10-27,2025-12-01,SKU014,124.0,128.0,4.0
2025-10-27,2025-12-08,SKU014,137.0,135.0,2.0
2025-10-27,2025-11-03,SKU015,13.0,25.0,12.0
2025-10-27,2025-11-10,SKU015,24.0,19.0,5.0
2025-10-27,2025-11-17,SKU015,24.0,34.0,10.0
2025-10-27,2025-11-24,SKU015,31.0,22.0,9.0
2025-10-27,2025-12-01,SKU015,22.0,29.0,7.0
2025-10-27,2025-12-08,SKU015,31.0,21.0,10.0
2025-10-27,2025-11-03,SKU016,92.0,84.0,8.0
2025-10-27,2025-11-10,SKU016,95.0,104.0,9.0
2025-10-27,2025-11-17,SKU016,75.0,94.0,19.0
2025-10-27,2025-11-24,SKU016,71.0,97.0,26.0
2025-10-27,2025-12-01,SKU016,77.0,83.0,6.0
2025-10-27,2025-12-08,SKU016,78.0,71.0,7.0
2025-10-27,2025-11-03,SKU017,103.0,95.0,8.0
2025-10-27,2025-11-10,SKU017,88.0,86.0,2.0
2025-10-27,2025-11-17,SKU017,87.0,97.0,10.0
2025-10-27,2025-11-24,SKU017,90.0,82.0,8.0
2025-10-27,2025-12-01,SKU017,105.0,81.0,24.0
2025-10-27,2025-12-08,SKU017,96.0,88.0,8.0
2025-10-27,2025-11-03,SKU018,157.0,162.0,5.0
2025-10-27,2025-11-10,SKU018,142.0,150.0,8.0
2025-10-27,2025-11-17,SKU018,150.0,153.0,3.0
2025-10-27,2025-11-24,SKU018,152.0,143.0,9.0
2025-10-27,2025-12-01,SKU018,158.0,182.0,24.0
2025-10-27,2025-12-08,SKU018,162.0,150.0,12.0
2025-10-27,2025-11-03,SKU019,103.0,95.0,8.0
2025-10-27,2025-11-10,SKU019,112.0,112.0,0.0
2025-10-27,2025-11-17,SKU019,110.0,113.0,3.0
2025-10-27,2025-11-24,SKU019,88.0,110.0,22.0
2025-10-27,2025-12-01,SKU019,103.0,120.0,17.0
2025-10-27,2025-12-08,SKU019,96.0,97.0,1.0
2025-10-27,2025-11-03,SKU020,78.0,81.0,3.0
2025-10-27,2025-11-10,SKU020,92.0,87.0,5.0
2025-10-27,2025-11-17,SKU020,81.0,69.0,12.0
2025-10-27,2025-11-24,SKU020,97.0,84.0,13.0
2025-10-27,2025-12-01,SKU020,85.0,88.0,3.0
2025-10-27,2025-12-08,SKU020,82.0,80.0,2.0
2025-10-27,2025-11-03,SKU021,46.0,58.0,12.0
2025-10-27,2025-11-10,SKU021,45.0,63.0,18.0
2025-10-27,2025-11-17,SKU021,43.0,54.0,11.0
2025-10-27,2025-11-24,SKU021,47.0,37.0,10.0
2025-10-27,2025-12-01,SKU021,52.0,55.0,3.0
2025-10-27,2025-12-08,SKU021,59.0,63.0,4.0
2025-10-27,2025-11-03,SKU022,44.0,54.0,10.0
2025-10-27,2025-11-10,SKU022,78.0,69.0,9.0
2025-10-27,2025-11-17,SKU022,53.0,64.0,11.0
2025-10-27,2025-11-24,SKU022,69.0,61.0,8.0
2025-10-27,2025-12-01,SKU022,70.0,62.0,8.0
2025-10-27,2025-12-08,SKU022,60.0,70.0,10.0
2025-10-27,2025-11-03,SKU023,91.0,85.0,6.0
2025-10-27,2025-11-10,SKU023,88.0,94.0,6.0
2025-10-27,2025-11-17,SKU023,88.0,98.0,10.0
2025-10-27,2025-11-24,SKU023,90.0,111.0,21.0
2025-10-27,2025-12-01,SKU023,97.0,104.0,7.0
2025-10-27,2025-12-08,SKU023,98.0,80.0,18.0
2025-10-27,2025-11-03,SKU024,82.0,78.0,4.0
2025-10-27,2025-11-10,SKU024,82.0,72.0,10.0
2025-10-27,2025-11-17,SKU024,80.0,74.0,6.0
2025-10-27,2025-11-24,SKU024,76.0,65.0,11.0
2025-10-27,2025-12-01,SKU024,93.0,76.0,17.0
2025-10-27,2025-12-08,SKU024,72.0,101.0,29.0
2025-10-27,2025-11-03,SKU025,18.0,18.0,0.0
2025-10-27,2025-11-10,SKU025,18.0,17.0,1.0
2025-10-27,2025-11-17,SKU025,12.0,26.0,14.0
2025-10-27,2025-11-24,SKU025,9.0,5.0,4.0
2025-10-27,2025-12-01,SKU025,18.0,22.0,4.0
2025-10-27,2025-12-08,SKU025,13.0,24.0,11.0
2025-10-27,2025-11-03,SKU026,127.0,127.0,0.0
2025-10-27,2025-11-10,SKU026,130.0,156.0,26.0
2025-10-27,2025-11-17,SKU026,128.0,124.0,4.0
2025-10-27,2025-11-24,SKU026,126.0,116.0,10.0
2025-10-27,2025-12-01,SKU026,157.0,162.0,5.0
2025-10-27,2025-12-08,SKU026,128.0,148.0,20.0
2025-10-27,2025-11-03,SKU027,147.0,143.0,4.0
2025-10-27,2025-11-10,SKU027,149.0,153.0,4.0
2025-10-27,2025-11-17,SKU027,163.0,163.0,0.0
2025-10-27,2025-11-24,SKU027,162.0,152.0,10.0
2025-10-27,2025-12-01,SKU027,153.0,153.0,0.0
2025-10-27,2025-12-08,SKU027,161.0,154.0,7.0
2025-10-27,2025-11-03,SKU028,30.0,32.0,2.0
2025-10-27,2025-11-10,SKU028,40.0,33.0,7.0
2025-10-27,2025-11-17,SKU028,39.0,30.0,9.0
2025-10-27,2025-11-24,SKU028,34.0,41.0,7.0
2025-10-27,2025-12-01,SKU028,40.0,36.0,4.0
2025-10-27,2025-12-08,SKU028,25.0,48.0,23.0
2025-10-27,2025-11-03,SKU029,88.0,95.0,7.0
2025-10-27,2025-11-10,SKU029,98.0,110.0,12.0
2025-10-27,2025-11-17,SKU029,97.0,114.0,17.0
2025-10-27,2025-11-24,SKU029,96.0,83.0,13.0
2025-10-27,2025-12-01,SKU029,87.0,110.0,23.0
2025-10-27,2025-12-08,SKU029,115.0,95.0,20.0
2025-10-27,2025-11-03,SKU030,25.0,28.0,3.0
2025-10-27,2025-11-10,SKU030,34.0,30.0,4.0
2025-10-27,2025-11-17,SKU030,33.0,30.0,3.0
2025-10-27,2025-11-24,SKU030,26.0,32.0,6.0
2025-10-27,2025-12-01,SKU030,25.0,30.0,5.0
2025-10-27,2025-12-08,SKU030,35.0,38.0,3.0
2025-10-27,2025-11-03,SKU031,109.0,113.0,4.0
2025-10-27,2025-11-10,SKU031,131.0,105.0,26.0
2025-10-27,2025-11-17,SKU031,113.0,113.0,0.0
2025-10-27,2025-11-24,SKU031,104.0,103.0,1.0
2025-10-27,2025-12-01,SKU031,96.0,114.0,18.0
2025-10-27,2025-12-08,SKU031,104.0,107.0,3.0
2025-10-27,2025-11-03,SKU032,61.0,68.0,7.0
2025-10-27,2025-11-10,SKU032,54.0,53.0,1.0
2025-10-27,2025-11-17,SKU032,70.0,41.0,29.0
2025-10-27,2025-11-24,SKU032,50.0,50.0,0.0
2025-10-27,2025-12-01,SKU032,60.0,54.0,6.0
2025-10-27,2025-12-08,SKU032,56.0,58.0,2.0
2025-10-27,2025-11-03,SKU033,119.0,123.0,4.0
2025-10-27,2025-11-10,SKU033,116.0,103.0,13.0
2025-10-27,2025-11-17,SKU033,120.0,109.0,11.0
2025-10-27,2025-11-24,SKU033,121.0,86.0,35.0
2025-10-27,2025-12-01,SKU033,117.0,107.0,10.0
2025-10-27,2025-12-08,SKU033,109.0,127.0,18.0
2025-10-27,2025-11-03,SKU034,129.0,122.0,7.0
2025-10-27,2025-11-10,SKU034,118.0,131.0,13.0
2025-10-27,2025-11-17,SKU034,133.0,121.0,12.0
2025-10-27,2025-11-24,SKU034,130.0,142.0,12.0
2025-10-27,2025-12-01,SKU034,147.0,128.0,19.0
2025-10-27,2025-12-08,SKU034,118.0,137.0,19.0
2025-10-27,2025-11-03,SKU035,113.0,124.0,11.0
2025-10-27,2025-11-10,SKU035,124.0,117.0,7.0
2025-10-27,2025-11-17,SKU035,133.0,135.0,2.0
2025-10-27,2025-11-24,SKU035,131.0,132.0,1.0
2025-10-27,2025-12-01,SKU035,128.0,135.0,7.0
2025-10-27,2025-12-08,SKU035,128.0,133.0,5.0
2025-10-27,2025-11-03,SKU036,27.0,33.0,6.0
2025-10-27,2025-11-10,SKU036,30.0,40.0,10.0
2025-10-27,2025-11-17,SKU036,35.0,33.0,2.0
2025-10-27,2025-11-24,SKU036,31.0,25.0,6.0
2025-10-27,2025-12-01,SKU036,27.0,26.0,1.0
2025-10-27,2025-12-08,SKU036,31.0,36.0,5.0
2025-10-27,2025-11-03,SKU037,171.0,162.0,9.0
2025-10-27,2025-11-10,SKU037,150.0,161.0,11.0
2025-10-27,2025-11-17,SKU037,166.0,147.0,19.0
2025-10-27,2025-11-24,SKU037,144.0,133.0,11.0
2025-10-27,2025-12-01,SKU037,155.0,171.0,16.0
2025-10-27,2025-12-08,SKU037,133.0,173.0,40.0
2025-10-27,2025-11-03,SKU038,50.0,34.0,16.0
2025-10-27,2025-11-10,SKU038,48.0,52.0,4.0
2025-10-27,2025-11-17,SKU038,61.0,49.0,12.0
2025-10-27,2025-11-24,SKU038,61.0,34.0,27.0
2025-10-27,2025-12-01,SKU038,39.0,55.0,16.0
2025-10-27,2025-12-08,SKU038,49.0,56.0,7.0
2025-10-27,2025-11-03,SKU039,18.0,24.0,6.0
2025-10-27,2025-11-10,SKU039,24.0,18.0,6.0
2025-10-27,2025-11-17,SKU039,18.0,24.0,6.0
2025-10-27,2025-11-24,SKU039,13.0,11.0,2.0
2025-10-27,2025-12-01,SKU039,23.0,14.0,9.0
2025-10-27,2025-12-08,SKU039,15.0,17.0,2.0
2025-10-27,2025-11-03,SKU040,89.0,114.0,25.0
2025-10-27,2025-11-10,SKU040,98.0,101.0,3.0
2025-10-27,2025-11-17,SKU040,86.0,92.0,6.0
2025-10-27,2025-11-24,SKU040,76.0,92.0,16.0
2025-10-27,2025-12-01,SKU040,103.0,97.0,6.0
2025-10-27,2025-12-08,SKU040,101.0,90.0,11.0
2025-10-27,2025-11-03,SKU041,79.0,75.0,4.0
2025-10-27,2025-11-10,SKU041,65.0,65.0,0.0
2025-10-27,2025-11-17,SKU041,52.0,62.0,10.0
2025-10-27,2025-11-24,SKU041,83.0,66.0,17.0
2025-10-27,2025-12-01,SKU041,78.0,75.0,3.0
2025-10-27,2025-12-08,SKU041,66.0,54.0,12.0
2025-10-27,2025-11-03,SKU042,141.0,121.0,20.0
2025-10-27,2025-11-10,SKU042,132.0,148.0,16.0
2025-10-27,2025-11-17,SKU042,124.0,138.0,14.0
2025-10-27,2025-11-24,SKU042,142.0,133.0,9.0
2025-10-27,2025-12-01,SKU042,156.0,159.0,3.0
2025-10-27,2025-12-08,SKU042,125.0,132.0,7.0
2025-10-27,2025-11-03,SKU043,148.0,128.0,20.0
2025-10-27,2025-11-10,SKU043,145.0,140.0,5.0
2025-10-27,2025-11-17,SKU043,144.0,142.0,2.0
2025-10-27,2025-11-24,SKU043,113.0,127.0,14.0
2025-10-27,2025-12-01,SKU043,127.0,147.0,20.0
2025-10-27,2025-12-08,SKU043,142.0,133.0,9.0
2025-10-27,2025-11-03,SKU044,58.0,48.0,10.0
2025-10-27,2025-11-10,SKU044,53.0,54.0,1.0
2025-10-27,2025-11-17,SKU044,46.0,44.0,2.0
2025-10-27,2025-11-24,SKU044,57.0,59.0,2.0
2025-10-27,2025-12-01,SKU044,52.0,50.0,2.0
2025-10-27,2025-12-08,SKU044,57.0,54.0,3.0
2025-10-27,2025-11-03,SKU045,154.0,143.0,11.0
2025-10-27,2025-11-10,SKU045,150.0,170.0,20.0
2025-10-27,2025-11-17,SKU045,155.0,162.0,7.0
2025-10-27,2025-11-24,SKU045,164.0,161.0,3.0
2025-10-27,2025-12-01,SKU045,166.0,151.0,15.0
2025-10-27,2025-12-08,SKU045,152.0,149.0,3.0
2025-10-27,2025-11-03,SKU046,49.0,56.0,7.0
2025-10-27,2025-11-10,SKU046,56.0,69.0,13.0
2025-10-27,2025-11-17,SKU046,53.0,60.0,7.0
2025-10-27,2025-11-24,SKU046,52.0,48.0,4.0
2025-10-27,2025-12-01,SKU046,56.0,51.0,5.0
2025-10-27,2025-12-08,SKU046,66.0,63.0,3.0
2025-10-27,2025-11-03,SKU047,102.0,93.0,9.0
2025-10-27,2025-11-10,SKU047,101.0,82.0,19.0
2025-10-27,2025-11-17,SKU047,81.0,85.0,4.0
2025-10-27,2025-11-24,SKU047,90.0,78.0,12.0
2025-10-27,2025-12-01,SKU047,108.0,78.0,30.0
2025-10-27,2025-12-08,SKU047,86.0,85.0,1.0
2025-10-27,2025-11-03,SKU048,63.0,45.0,18.0
2025-10-27,2025-11-10,SKU048,47.0,57.0,10.0
2025-10-27,2025-11-17,SKU048,63.0,55.0,8.0
2025-10-27,2025-11-24,SKU048,36.0,56.0,20.0
2025-10-27,2025-12-01,SKU048,57.0,50.0,7.0
2025-10-27,2025-12-08,SKU048,55.0,55.0,0.0
2025-10-27,2025-11-03,SKU049,152.0,160.0,8.0
2025-10-27,2025-11-10,SKU049,160.0,141.0,19.0
2025-10-27,2025-11-17,SKU049,139.0,136.0,3.0
2025-10-27,2025-11-24,SKU049,159.0,145.0,14.0
2025-10-27,2025-12-01,SKU049,167.0,149.0,18.0
2025-10-27,2025-12-08,SKU049,171.0,150.0,21.0
2025-10-27,2025-11-03,SKU050,46.0,54.0,8.0
2025-10-27,2025-11-10,SKU050,40.0,48.0,8.0
2025-10-27,2025-11-17,SKU050,41.0,39.0,2.0
2025-10-27,2025-11-24,SKU050,30.0,37.0,7.0
2025-10-27,2025-12-01,SKU050,40.0,33.0,7.0
2025-10-27,2025-12-08,SKU050,34.0,37.0,3.0
