SKU,Product_Name,Category,Total_Units,Total_Revenue,Average_Weekly_Units
SKU001,Product 001,Furniture,10502,38479853.1,100.01904761904763
SKU002,Product 002,Home Decor,7412,28207774.28,70.5904761904762
SKU003,Product 003,Kitchen,4214,34041661.22,40.13333333333333
SKU004,Product 004,Lighting,3380,23192106.6,32.19047619047619
SKU005,Product 005,Storage,12196,115779311.12,116.15238095238095
SKU006,Product 006,Furniture,4786,38795507.44,45.58095238095238
SKU007,Product 007,Home Decor,18129,92713337.61,172.65714285714284
SKU008,Product 008,Kitchen,11944,117560492.16,113.75238095238095
SKU009,Product 009,Lighting,7830,18297848.7,74.57142857142857
SKU010,Product 010,Storage,12461,8267375.0600000005,118.67619047619047
SKU011,Product 011,Furniture,1951,2818336.56,18.580952380952382
SKU012,Product 012,Home Decor,19067,167396247.79,181.59047619047618
SKU013,Product 013,Kitchen,10289,59241798.42,97.99047619047619
SKU014,Product 014,Lighting,15784,35841518.0,150.32380952380953
SKU015,Product 015,Storage,2994,18599087.28,28.514285714285716
SKU016,Product 016,Furniture,10143,21978055.26,96.6
SKU017,Product 017,Home Decor,10374,87943717.68,98.8
SKU018,Product 018,Kitchen,18450,102866314.5,175.71428571428572
SKU019,Product 019,Lighting,11803,56888689.55,112.4095238095238
SKU020,Product 020,Storage,10138,39513260.52,96.55238095238096
SKU021,Product 021,Furniture,6238,48102964.64,59.40952380952381
SKU022,Product 022,Home Decor,7421,34114559.63,70.67619047619047
SKU023,Product 023,Kitchen,10830,15343294.2,103.14285714285714
SKU024,Product 024,Lighting,9555,16901552.85,91.0
SKU025,Product 025,Storage,1976,22838627.76,18.81904761904762
SKU026,Product 026,Furniture,16535,180885293.9,157.47619047619048
SKU027,Product 027,Home Decor,17717,150888602.2,168.73333333333332
SKU028,Product 028,Kitchen,4101,14288253.09,39.05714285714286
SKU029,Product 029,Lighting,11530,134237448.5,109.80952380952381
SKU030,Product 030,Storage,3493,32951250.43,33.266666666666666
SKU031,Product 031,Furniture,13721,119591275.53,130.67619047619047
SKU032,Product 032,Home Decor,6821,38283476.39,64.96190476190476
SKU033,Product 033,Kitchen,13224,47050992.0,125.94285714285714
SKU034,Product 034,Lighting,14731,22363720.34,140.2952380952381
SKU035,Product 035,Storage,15562,169161896.78,148.2095238095238
SKU036,Product 036,Furniture,3508,19949996.0,33.40952380952381
SKU037,Product 037,Home Decor,18155,49879410.1,172.9047619047619
SKU038,Product 038,Kitchen,5641,22276873.1,53.72380952380952
SKU039,Product 039,Lighting,2300,16373585.0,21.904761904761905
SKU040,Product 040,Storage,11398,27931482.88,108.55238095238096
SKU041,Product 041,Furniture,8153,84275359.69,77.64761904761905
SKU042,Product 042,Home Decor,16616,152847759.28,158.24761904761905
SKU043,Product 043,Kitchen,16276,142346152.52,155.0095238095238
SKU044,Product 044,Lighting,7145,38670740.6,68.04761904761905
SKU045,Product 045,Storage,18612,142880229.36,177.25714285714287
SKU046,Product 046,Furniture,6761,48513825.94,64.39047619047619
SKU047,Product 047,Home Decor,10858,86193192.76,103.4095238095238
SKU048,Product 048,Kitchen,6175,8518721.25,58.80952380952381
SKU049,Product 049,Lighting,18373,95968977.01,174.98095238095237
SKU050,Product 050,Storage,4537,4004900.64,43.20952380952381
